Barcode,region
AAACAAGTATCTCCCA-1,fibrotic
AAACAATCTACTAGCA-1,paratumour
AAACACCAATAACTGC-1,necrotic
AAACAGAGCGACTCCT-1,fibrotic
AAACAGCTTTCAGAAG-1,paratumour
AAACCCGAACGAAATC-1,necrotic
AAACCGGGTAGGTACC-1,tumour
AAACCGTTCGTCCAGG-1,fibrotic
AAACGAAGAACATACC-1,paratumour
AAACGAAGATGGAGTA-1,paratumour
AAACGAGACGGTTGAT-1,tumour
AAACTCGGTTCGCAAT-1,tumour
AAACTCGTGATATAAG-1,tumour
AAACTTAATTGCACGC-1,paratumour
AAACTTGCAAACGTAT-1,paratumour
AAAGACCCAAGTCGCG-1,necrotic
AAAGACTGGGCGCTTT-1,paratumour
AAAGGCTCTCGCGCCG-1,paratumour
AAAGGGATGTAGCAAG-1,tumour
AAAGGGCAGCTTGAAT-1,paratumour
AAAGTAGCATTGCTCA-1,necrotic
AAAGTCACTGATGTAA-1,necrotic
AAAGTGTGATTTATCT-1,paratumour
AAATAACCATACGGGA-1,paratumour
AAATAAGGTAGTGCCC-1,paratumour
AAATACCTATAAGCAT-1,fibrotic
AAATAGCTTAGACTTT-1,necrotic
AAATAGGGTGCTATTG-1,tumour
AAATCGCGGAAGGAGT-1,paratumour
AAATCGTGTACCACAA-1,tumour
AAATCTAGCCCTGCTA-1,fibrotic
AAATGATTCGATCAGC-1,tumour
AAATGCTCGTTACGTT-1,paratumour
AAATGGCATGTCTTGT-1,paratumour
AAATGGCCCGTGCCCT-1,paratumour
AAATGGTCAATGTGCC-1,tumour
AAATGTGGGTGCTCCT-1,paratumour
AAATTAACGGGTAGCT-1,tumour
AAATTACACGACTCTG-1,paratumour
AAATTACCTATCGATG-1,tumour
AAATTCCAGGTCCAAA-1,tumour2
AAATTGATAGTCCTTT-1,necrotic
AAATTGCGGCGGTTCT-1,paratumour
AAATTTACCGAAATCC-1,paratumour
AAATTTGCGGGTGTGG-1,tumour
AACAACTGGTAGTTGC-1,tumour
AACAATACATTGTCGA-1,fibrotic
AACAATTACTCTACGC-1,fibrotic
AACACGACTGTACTGA-1,paratumour
AACACGAGACGCGGCC-1,paratumour
AACACGCGGCCGCGAA-1,tumour
AACAGCTGTGTGGCAA-1,necrotic
AACAGGAAATCGAATA-1,paratumour
AACAGGATGGGCCGCG-1,fibrotic
AACAGGTAGTATGGAT-1,paratumour
AACATATCAACTGGTG-1,tumour
AACATCGATACGTCTA-1,tumour
AACCAGTATCACTCTT-1,paratumour
AACCATAGGGTTGAAC-1,paratumour
AACCATGGGATCGCTA-1,tumour
AACCCAGAGACGGAGA-1,tumour
AACCCATCCCATGATC-1,fibrotic
AACCCTACTGTCAATA-1,tumour2
AACCCTGGTGGAACCA-1,paratumour
AACCGAGCTTGGTCAT-1,tumour
AACCGCTAAGGGATGC-1,paratumour
AACCGTTGTGTTTGCT-1,paratumour
AACCTAAAGCCGTCCG-1,paratumour
AACCTGTCACGGAATT-1,tumour2
AACCTTTAAATACGGT-1,fibrotic
AACCTTTACGACGTCT-1,fibrotic
AACGAAAGTCGTCCCA-1,paratumour
AACGATAATGCCGTAG-1,fibrotic
AACGATAGAAGGGCCG-1,tumour
AACGATATGTCAACTG-1,tumour
AACGCATGATCTGGGT-1,tumour
AACGCGAACGGCAACA-1,paratumour
AACGCGGTCTCCAGCC-1,tumour
AACGGCCATCTCCGGT-1,tumour
AACGTAGTCTACCCAT-1,paratumour
AACGTCAGACTAGTGG-1,fibrotic
AACGTGATGAAGGACA-1,paratumour
AACGTGCGAAAGTCTC-1,tumour
AACTACCCGTTTGTCA-1,tumour2
AACTAGCGTATCGCAC-1,fibrotic
AACTCAAGTTAATTGC-1,tumour
AACTCCTAATCCCATG-1,fibrotic
AACTCGATGGCGCAGT-1,tumour
AACTCTCAATAGAGCG-1,paratumour
AACTCTCAGTGTGCTC-1,fibrotic
AACTGATATTAGGCCT-1,paratumour
AACTGGGTCCCGACGT-1,tumour
AACTGGGTTCGAGCCG-1,paratumour
AACTGGTGTGGGCCTT-1,tumour
AACTTCTGCGTCTATC-1,paratumour
AACTTGCCCGTATGCA-1,fibrotic
AACTTGCGTTCTCGCG-1,paratumour
AACTTTAGCTGCTGAG-1,fibrotic
AAGAAGGATCAGTTAG-1,tumour
AAGACCAAATAACTCA-1,paratumour
AAGACTAACCCGTTGT-1,paratumour
AAGACTGCAAGCTACT-1,tumour
AAGAGATGAATCGGTA-1,paratumour
AAGAGCTCTTTATCGG-1,tumour
AAGAGGCATGGATCGC-1,tumour
AAGATGGCACCGGACC-1,tumour
AAGATTGGCGGAACGT-1,paratumour
AAGCACCCTGCGTATC-1,paratumour
AAGCATACTCTCCTGA-1,fibrotic
AAGCCGAAGCGGTTTA-1,paratumour
AAGCCGCCGTGAAATC-1,paratumour
AAGCGCAGGGCTTTGA-1,tumour
AAGCGGCGTCATGGGT-1,paratumour
AAGCGTCCCTCATCGA-1,fibrotic
AAGCTAGATCGAGTAA-1,fibrotic
AAGCTCGTGCCAAGTC-1,tumour
AAGGAGAACTTATAAG-1,tumour
AAGGAGCGGTTGGTGC-1,tumour
AAGGATCGATCGCTTG-1,necrotic
AAGGATGAGGGACCTC-1,tumour
AAGGCAGGCTGTCTCC-1,necrotic
AAGGCGCGTAAAGCTT-1,paratumour
AAGGCTGTGCTCATCG-1,tumour
AAGGGAACGACTGGCT-1,fibrotic
AAGGGACTATGCATTC-1,necrotic
AAGGGTTTGATTTCAG-1,paratumour
AAGGTATCCTAATATA-1,tumour
AAGGTGATAAACCAGC-1,paratumour
AAGTAAGCTTCCAAAC-1,paratumour
AAGTAGAAGACCGGGT-1,paratumour
AAGTAGTGACGCGAGG-1,tumour
AAGTGACGACCGAATT-1,paratumour
AAGTGCCTTGACTGTA-1,tumour2
AAGTGCGTTAGAATCT-1,fibrotic
AAGTGTTTGGAGACGG-1,tumour
AAGTTCACTCCAAGCT-1,tumour
AAGTTCAGTCTGCGTA-1,tumour
AAGTTCGGCCAACAGG-1,tumour
AAGTTTACTAATGGCA-1,tumour
AAGTTTATGGGCCCAA-1,tumour
AATAACACTAGAACAA-1,fibrotic
AATAAGTCCTCGAGAC-1,paratumour
AATAATCTTCGTATCG-1,tumour
AATACAATGTTTCAGG-1,paratumour
AATAGAACAGAGTGGC-1,fibrotic
AATAGAATCTGTTTCA-1,paratumour
AATAGCTACCGCGTGC-1,tumour
AATAGTCGCGAGTCGG-1,paratumour
AATATCAAGGTCGGAT-1,fibrotic
AATATCGAATCAATGC-1,paratumour
AATATCGAGGGTTCTC-1,tumour
AATCAGACTGCAGGAC-1,paratumour
AATCATGTAAAGACTC-1,fibrotic
AATCCAAGGGCCTGAG-1,necrotic
AATCCATGCAAGGGTG-1,tumour
AATCGCCTCAGCGCCA-1,tumour
AATCGCGCAGAGGACT-1,necrotic
AATCGGGACACTACGA-1,tumour
AATCTAGGTTTACTTG-1,fibrotic
AATCTATGCCGGAGCC-1,tumour
AATCTCTACTGTGGTT-1,paratumour
AATCTGCGTTGGGACG-1,paratumour
AATCTGGCTTTCTAGT-1,fibrotic
AATGACAGCAATGTCT-1,tumour
AATGACGTAGGATGTC-1,fibrotic
AATGACTGTCAGCCGG-1,fibrotic
AATGAGTTCGCATATG-1,paratumour
AATGATGATACGCTAT-1,tumour
AATGATGCGACTCCTG-1,tumour
AATGCAACCGGGTACC-1,tumour
AATGCACCAAGCAATG-1,tumour
AATGGTCCACCGTTCA-1,paratumour
AATGGTTCTCACAAGC-1,paratumour
AATGTATGGCACTGTA-1,paratumour
AATGTGCCCGAGGTGT-1,necrotic
AATGTGCTAATCTGAG-1,paratumour
AATTACGAGACCCATC-1,paratumour
AATTACTCGTACGCTC-1,paratumour
AATTAGCGCTGCAGCG-1,fibrotic
AATTCATAAGGGATCT-1,tumour
AATTCATTGTCATGCA-1,paratumour
AATTCTAGAGTTAGGC-1,fibrotic
AATTGAACGCTCTGGT-1,paratumour
AATTTGGGACATAGTA-1,fibrotic
AATTTGGTTCCAAAGA-1,paratumour
ACAAACCATGCGTCCT-1,paratumour
ACAAACCGACAAGGCG-1,paratumour
ACAAATCGCACCGAAT-1,paratumour
ACAAATGGTAGTGTTT-1,paratumour
ACAACAGCATGAGCTA-1,tumour
ACAACGGTCCCTGCGA-1,paratumour
ACAAGCAGTGCCTAGC-1,tumour
ACAAGGAAATCCGCCC-1,fibrotic
ACAAGGACAAGAGGTT-1,tumour
ACAAGGGCAGGCTCTG-1,tumour
ACAATCGATCTTTATA-1,paratumour
ACAATGAATACGGAGA-1,necrotic
ACAATTGTGTCTCTTT-1,paratumour
ACAATTTGAGCAGTGG-1,tumour
ACAATTTGGCCATATT-1,paratumour
ACACAAAGACGGGTGG-1,tumour
ACACACCAGGACCAGT-1,paratumour
ACACACTTTCTACACG-1,paratumour
ACACATGATCAAATCT-1,fibrotic
ACACCACATAATTAGC-1,paratumour
ACACCCAGCATGCAGC-1,tumour
ACACCCGAGAAATCCG-1,tumour
ACACCGGTCTGACCGC-1,paratumour
ACACCTTAAGTAGGGC-1,fibrotic
ACACCTTACTACTTGC-1,necrotic
ACACGAGACTCCTTCT-1,tumour
ACACGGCACTATGCAT-1,paratumour
ACACGGGAACTTAGGG-1,tumour
ACACTCCAATGTCACT-1,paratumour
ACACTGATCAAGGTGT-1,fibrotic
ACAGAACTGAGAACAA-1,necrotic
ACAGATTAGGTTAGTG-1,tumour
ACAGCATAGAGCCAGT-1,tumour
ACAGCGCACCCGCAGC-1,paratumour
ACAGGCTTGCCCGACT-1,tumour
ACAGGTGGAGGTGAGG-1,tumour
ACAGTAATACAACTTG-1,paratumour
ACATAAGTCGTGGTGA-1,paratumour
ACATAATAAGGCGGTG-1,tumour
ACATCCTGGTAACTGT-1,tumour2
ACATCGATCGTTTACC-1,tumour
ACATCGTATGCAATGG-1,fibrotic
ACATCGTTAACCTAGT-1,paratumour
ACATCTCAACGCGTAA-1,paratumour
ACATGGCGCCAAAGTA-1,tumour2
ACATTAGTTTATATCC-1,fibrotic
ACCAAACACCCAGCGA-1,tumour
ACCAAACTAGAAATCC-1,paratumour
ACCAACACCACACACT-1,tumour
ACCAACGCTTATTTAT-1,fibrotic
ACCAAGAACGCGTGTC-1,paratumour
ACCAATATGCAAGTTA-1,tumour
ACCACAACTCAGAACA-1,paratumour
ACCACAAGTTTCTATC-1,tumour
ACCACCAATGTAACAA-1,necrotic
ACCAGCCCGGTCTTTG-1,paratumour
ACCAGGAGTGTGATCT-1,tumour
ACCATATCCGCAATAA-1,tumour
ACCATCCGCCAACTAG-1,paratumour
ACCCAACGCCCGTGGC-1,tumour
ACCCACCTACATGCTC-1,paratumour
ACCCATCTTGAGGGTA-1,tumour
ACCCGAGCGAAATTAC-1,necrotic
ACCCGGATGACGCATC-1,tumour2
ACCCTATAGGACTGAG-1,paratumour
ACCCTATGCCATATCG-1,fibrotic
ACCCTCCCTTGCTATT-1,paratumour
ACCCTGGTAACGCCCT-1,tumour
ACCCTTCATCTGCGAA-1,paratumour
ACCCTTTAGTTCTCCA-1,paratumour
ACCGAAAGGGCCCTGC-1,tumour
ACCGAAGAGTCTGGTT-1,paratumour
ACCGACACATCTCCCA-1,tumour
ACCGACTGAGTCCCAC-1,tumour
ACCGATATTTAATCAT-1,tumour
ACCGATGGTAGCATCG-1,paratumour
ACCGCAATAACTGCCT-1,tumour
ACCGCGGTGGAAGTCG-1,tumour2
ACCGGGCCTTTGTTGA-1,paratumour
ACCGGTCAGGTACACC-1,fibrotic
ACCGTGACCACGTGGG-1,tumour
ACCGTTCCCGCTCTGA-1,paratumour
ACCTAAGTACCTTTCA-1,fibrotic
ACCTAATCGACTTCCT-1,tumour
ACCTACAGTATGTGGT-1,necrotic
ACCTCCGTTATTCACC-1,tumour2
ACCTCGAACTTATGCT-1,paratumour
ACCTGCGTGTCATGTT-1,paratumour
ACCTTTCCTTTAGAAG-1,paratumour
ACGAAATGGGCGGCAC-1,tumour
ACGACTGGTCATACTC-1,tumour
ACGAGAACCCATCACG-1,tumour
ACGAGATATTTGCTTA-1,paratumour
ACGAGGATACCACTCT-1,fibrotic
ACGAGGTTTACAACGT-1,fibrotic
ACGAGTACGGATGCCC-1,tumour
ACGATACATAGAACTA-1,paratumour
ACGATCATACATAGAG-1,tumour
ACGATCATCTTGTAAA-1,tumour2
ACGATGCATATGTTAT-1,tumour
ACGATGGATCCGATGC-1,paratumour
ACGCAATCACTACAGC-1,tumour
ACGCATTCGTGAGTAC-1,tumour
ACGCCAGATGATTTCT-1,tumour
ACGCCCAGCTGTCGAT-1,paratumour
ACGCCGCTAGACGACC-1,tumour
ACGCGAAGTCAGACGA-1,tumour
ACGCGCTACACAGGGT-1,tumour
ACGCGGGCCAAGGACA-1,tumour
ACGCTAGTGATACACT-1,tumour
ACGCTTAGTGTCTCTC-1,paratumour
ACGGAATTTAGCAAAT-1,tumour
ACGGATGGTGCGGATA-1,tumour
ACGGCACTTGCTTGGG-1,fibrotic
ACGGCCAACATGGACT-1,paratumour
ACGGCGGGTTGCCCTG-1,paratumour
ACGGCTGGATGTAGAA-1,paratumour
ACGGGAGTGTCGGCCC-1,fibrotic
ACGGGTCATGTGACTT-1,paratumour
ACGTACAGATTTCTCT-1,paratumour
ACGTAGATTGCTGATG-1,tumour
ACGTATTACTCCGATC-1,tumour2
ACGTCCTAAACGAGAT-1,paratumour
ACGTGACAAAGTAAGT-1,paratumour
ACGTGCGCCTCGTGCA-1,paratumour
ACGTGGTCGAATGTGC-1,paratumour
ACGTTAATGTCGAAGA-1,tumour
ACGTTATTGGTCACTC-1,paratumour
ACGTTCCGCGCTCCGT-1,tumour
ACGTTCGCAATCAATT-1,tumour2
ACGTTCGTTCAGGAAA-1,tumour
ACGTTTAGTTGTGATC-1,paratumour
ACTACATCCCGACAAG-1,paratumour
ACTACCAGCTCTCTGG-1,fibrotic
ACTACGCGTTAGAATT-1,tumour
ACTAGTTGCGATCGTC-1,fibrotic
ACTATCCAGGGCATGG-1,necrotic
ACTATGTCCAGCTGCC-1,paratumour
ACTATTCGTCCGTGGT-1,paratumour
ACTATTTCCGGGCCCA-1,tumour
ACTCAACGAATGTATT-1,tumour
ACTCAATAAAGGCACG-1,tumour
ACTCAGACCTGCTTCT-1,necrotic
ACTCCAATATCATCAT-1,fibrotic
ACTCCCATTCCTAAAG-1,paratumour
ACTCCCGAATTCGTTT-1,paratumour
ACTCCCTAGAATAGTA-1,fibrotic
ACTCGATGTATTTCAT-1,paratumour
ACTCGCGATCTGACGC-1,paratumour
ACTCGTAACCCGTCCT-1,fibrotic
ACTCGTCAGTAATCCC-1,tumour
ACTCTCTGACTTAGGT-1,tumour
ACTCTCTTATACACGA-1,paratumour
ACTCTTCAGCTCCCGC-1,paratumour
ACTCTTGTATAGTAAC-1,tumour
ACTGAATGGCGAAAGT-1,paratumour
ACTGATTTAGTGATTC-1,paratumour
ACTGCCGTCGTAACTC-1,paratumour
ACTGCGGACACACCGT-1,tumour2
ACTGCTCGGAAGGATG-1,paratumour
ACTGTACGATACACAT-1,tumour
ACTGTAGCACTTTGGA-1,tumour
ACTGTATACGCGAGCA-1,tumour
ACTGTCCAGGATTATA-1,tumour
ACTGTCTTCTTTAGAA-1,tumour
ACTGTGCTAGTAGATC-1,tumour
ACTGTTTAGTGTAGGC-1,paratumour
ACTTACCGGGCGCGCA-1,fibrotic
ACTTACGCATCCACGC-1,tumour
ACTTAGTACGACAAGA-1,tumour
ACTTATACTTACCCGG-1,paratumour
ACTTATCTGATCTATA-1,paratumour
ACTTATTAGGATCGGT-1,tumour
ACTTATTTATGTGCCA-1,paratumour
ACTTCAGGCTGATCCC-1,tumour
ACTTCGCCATACGCAC-1,tumour
ACTTGACTCCCTCTTT-1,tumour
ACTTGCCATATTGTAC-1,tumour
ACTTGTAGTCCCTTCA-1,paratumour
ACTTTACCCTCATGAA-1,paratumour
ACTTTCCTATAGCTTC-1,tumour
ACTTTGGTCGTGCTCC-1,paratumour
AGAACCCAGCGTGACA-1,paratumour
AGAACGTGGTACATTC-1,tumour
AGAAGAGCGCCGTTCC-1,paratumour
AGAAGGTACACTTCAC-1,fibrotic
AGAAGTGATTCGTGAT-1,fibrotic
AGAATAAATCTTCAGG-1,paratumour
AGAATTATGGATTCGA-1,tumour2
AGAATTGTTTGACATA-1,paratumour
AGACAGCTCAGAATCC-1,paratumour
AGACATAGATCCTTCC-1,tumour
AGACCAAACCACACCT-1,paratumour
AGACCATGGGATACAA-1,paratumour
AGACCCACCGCTGATC-1,fibrotic
AGACCCGCCCTCCTCG-1,tumour
AGACGAAGTGCCGGTC-1,paratumour
AGACGACGATGCCGCT-1,fibrotic
AGACGGGATTGGTATA-1,paratumour
AGACTAGCCTTCCAGA-1,tumour
AGAGAACCGTCTAGGA-1,paratumour
AGAGAAGGAGTACAAT-1,fibrotic
AGAGCAGTTATGAGAC-1,paratumour
AGAGCGGGCTAATCAT-1,paratumour
AGAGCTACGAAAGCAT-1,paratumour
AGAGGCTTCGGAAACC-1,fibrotic
AGAGGTATCTCGGTCC-1,tumour
AGAGTAAACTTCACTA-1,paratumour
AGATAACTTCAGGGCC-1,tumour
AGATACGACTTCATAT-1,tumour
AGATATAATACGACTA-1,tumour
AGATCGTGCATAAGAT-1,tumour
AGATCTCAGGTGTGAT-1,tumour
AGATGACTCGCCCACG-1,tumour
AGATGAGGGTTGCGAT-1,tumour
AGATGATGGAGTCTGG-1,tumour2
AGATGCAAGACGTGCA-1,necrotic
AGATGCATCCTGTGTC-1,paratumour
AGATGCTATAACGAGC-1,paratumour
AGATTATAGGACGTTT-1,tumour
AGATTCACAACCGATA-1,fibrotic
AGCAAAGGCCGCTAGT-1,paratumour
AGCAACATATCTTATT-1,paratumour
AGCAACCGAAAGTAAT-1,necrotic
AGCACCAGTACTCACG-1,tumour
AGCACTACCGGCCTGT-1,paratumour
AGCACTACCTCACCAG-1,tumour
AGCACTTAAGGACGCC-1,tumour
AGCAGAAGGAGAAAGA-1,tumour
AGCATATCAATATGCT-1,paratumour
AGCATCATTTCGAAAG-1,necrotic
AGCATCGTCGATAATT-1,tumour
AGCCACTCCCGTGCTT-1,paratumour
AGCCCATACATGTAAG-1,paratumour
AGCCCGGCATTAGAGG-1,fibrotic
AGCCCTAAGCGAAGTT-1,paratumour
AGCCCTCCCTGGTGGC-1,paratumour
AGCCCTGTCGCACCGT-1,tumour2
AGCCCTTCTAATCCGA-1,tumour
AGCCGTGGCTAAATGT-1,fibrotic
AGCCTAATACCCACGT-1,paratumour
AGCCTTAAAGCGGAAG-1,paratumour
AGCGACAGGAACGGTC-1,tumour
AGCGACATCCCATTCA-1,paratumour
AGCGACCAACGATATT-1,tumour
AGCGCTAGAGCGATGT-1,paratumour
AGCGGACACTTCGTAG-1,tumour
AGCGGCGGTTAGCGGT-1,paratumour
AGCGGGAAGGGTCCAT-1,tumour
AGCGGGTCTGACACTC-1,tumour
AGCGGTTGAGATGTAC-1,paratumour
AGCGGTTGCCGCTCTG-1,tumour
AGCGTACGAGAGCTAG-1,paratumour
AGCGTAGCGCTAGACC-1,paratumour
AGCGTCTGAACCCGCA-1,fibrotic
AGCTAACAAGCAATGT-1,fibrotic
AGCTAGAAGCAGAAGT-1,tumour
AGCTATTTAATCCAAC-1,paratumour
AGCTCTAGACGTTCCA-1,tumour
AGCTCTTCCCAGTGCA-1,paratumour
AGCTCTTCGTAACCTT-1,necrotic
AGCTGAAGTAAACCAA-1,paratumour
AGCTGTAACCTCAATC-1,necrotic
AGCTTATAGAGACCTG-1,fibrotic
AGCTTCAATACTTTGA-1,paratumour
AGCTTGATCTTAACTT-1,paratumour
AGGAAGCTGTCCGCCG-1,tumour
AGGACAGTCGAATCCC-1,tumour
AGGACATCGCACGTCG-1,tumour
AGGACGCTCGATGTTG-1,tumour
AGGAGGCCTTCGCGCG-1,paratumour
AGGATAAAGTCGGGAT-1,fibrotic
AGGATATAGGGATTTA-1,paratumour
AGGATCACGCGATCTG-1,paratumour
AGGATTGCTTACGACA-1,paratumour
AGGCAAAGAGGAATCA-1,paratumour
AGGCAGATGCGTAAAC-1,tumour
AGGCATTGTCGTAGGG-1,paratumour
AGGCCACATTGGTTAC-1,paratumour
AGGCCACCCGTTATGA-1,tumour
AGGCCCAGTGACTGGT-1,paratumour
AGGCCCATTGTACAGG-1,tumour
AGGCCCTAGAACGCCA-1,fibrotic
AGGCGGTTTGTCCCGC-1,fibrotic
AGGCGTCTATGGACGG-1,tumour
AGGCTATGGTTAGCTT-1,paratumour
AGGCTTCCCGAAGAAG-1,tumour
AGGCTTGCTAGACACC-1,paratumour
AGGGAAACGAGGTACT-1,paratumour
AGGGACAGCACGGCGG-1,fibrotic
AGGGACCGGCTGCGTT-1,necrotic
AGGGACTCTACGCGAC-1,paratumour
AGGGAGACATACTTCG-1,tumour
AGGGCAGCGGCGTGGT-1,paratumour
AGGGCGAGCAGCTGAT-1,paratumour
AGGGCGTGATCGGCTA-1,tumour
AGGGCTGCAGTTACAG-1,tumour
AGGGTCGATGCGAACT-1,tumour2
AGGGTGCCGTTCTTTA-1,paratumour
AGGGTGCTCTCGAGGG-1,paratumour
AGGGTTCCCTTTGGTT-1,tumour
AGGGTTTAGTTCGGGA-1,tumour
AGGTAACCTCCTATTC-1,necrotic
AGGTACGATATTGCCA-1,paratumour
AGGTAGATCGAGATAT-1,fibrotic
AGGTATAATTGATAGT-1,necrotic
AGGTATGCGGACATTA-1,paratumour
AGGTCAGGTGAGAGTG-1,paratumour
AGGTCGCCACTTCGGT-1,paratumour
AGGTCGCGGAGTTACT-1,tumour
AGGTTACACCATGCCG-1,necrotic
AGGTTGAGGCACGCTT-1,tumour
AGGTTTCACACACCTT-1,tumour
AGTAACGTTCATCCTG-1,paratumour
AGTAATGTCTTGCCGC-1,paratumour
AGTACATCATTTATCA-1,tumour
AGTACGGCCCGTATCG-1,paratumour
AGTACGGGCACCTGGC-1,tumour
AGTACGTGGCCTGTCT-1,paratumour
AGTACTCTTATGCCCA-1,tumour
AGTAGCGTGAACGAAC-1,paratumour
AGTAGGAAGGAAGTTG-1,tumour
AGTAGGTAACATACAT-1,necrotic
AGTATAATACTAGGCA-1,paratumour
AGTATGCTGGAGACCA-1,necrotic
AGTCAAGATGACACTT-1,paratumour
AGTCACTAGCTCTCGA-1,fibrotic
AGTCACTCCGCCTCAT-1,tumour
AGTCAGCCACCGCCTG-1,tumour
AGTCCATTGGCTGATG-1,tumour2
AGTCCCGCCTTTAATT-1,tumour
AGTCGACGGTCTCAAG-1,paratumour
AGTCGGCCCAAACGAC-1,fibrotic
AGTCGGCTCAACTTTA-1,paratumour
AGTCGGTTGCGTGAGA-1,necrotic
AGTCGTGGGCATTACG-1,fibrotic
AGTCTCACAAGACTAC-1,necrotic
AGTCTGGACATCCTTG-1,paratumour
AGTCTTCTCCTCAAAT-1,tumour
AGTGACCTACTTTACG-1,tumour
AGTGACTGTGACACAA-1,paratumour
AGTGAGACTTCCAGTA-1,tumour
AGTGAGCCTCGCCGCC-1,tumour
AGTGAGGGTTTCTGAC-1,paratumour
AGTGATTCAAGCAGGA-1,tumour
AGTGCACGCTTAAGAA-1,paratumour
AGTGCTTGCACGAATA-1,paratumour
AGTGGCGGCAATTTGA-1,tumour
AGTGGTGTTACCCGTG-1,paratumour
AGTGTATTGCGCATTG-1,tumour
AGTGTGGTCTATTGTG-1,paratumour
AGTTAAGCGGTCCCGG-1,paratumour
AGTTAAGTCAACCGCT-1,necrotic
AGTTACCCTTAAGACT-1,paratumour
AGTTACCGCACATGGT-1,paratumour
AGTTACTCTATCGTGG-1,paratumour
AGTTATTGAAAGGTAA-1,paratumour
AGTTCCTACAGAATTA-1,tumour
AGTTCCTATTTATGTT-1,fibrotic
AGTTCTGCGTTGTATC-1,paratumour
AGTTGACATCGGCTGG-1,tumour
AGTTGACGGTCCTTGC-1,tumour
AGTTGCTGACTGATAT-1,paratumour
AGTTTCGCAGGTCGGA-1,paratumour
AGTTTGCACCTGCCTC-1,paratumour
AGTTTGGCCAGACCTA-1,tumour
ATAAACCATTGGACGG-1,paratumour
ATAAACGGACCCGTAA-1,tumour
ATAAAGGCTCGGTCGT-1,tumour
ATAAAGGTCAAGTACG-1,paratumour
ATAACGCCGGAGGGTC-1,tumour
ATAACGGAGTCCAACG-1,tumour
ATAAGGTGGAGAACAT-1,fibrotic
ATAAGTAGGATTCAGA-1,tumour
ATAAGTAGGGCGACTC-1,necrotic
ATAAGTTACCGCGACG-1,tumour
ATAATACCGTTAGCCG-1,paratumour
ATAATAGCTGTTGAAT-1,tumour
ATAATAGTGTAGGGAC-1,paratumour
ATAATTAGCTAAGTAG-1,tumour
ATACAGGCCCTCCAAT-1,paratumour
ATACCAGCAAATTGCT-1,tumour
ATACCAGGCTAATAGA-1,tumour
ATACCAGGTGAGCGAT-1,paratumour
ATACCTAACCAAGAAA-1,tumour
ATACGAAGGCTTTCCA-1,paratumour
ATACGCCGATCTACCG-1,paratumour
ATACGCCGGCGAAACC-1,tumour
ATACGGAACGTCGTTT-1,necrotic
ATACGGGTTTCGATTG-1,paratumour
ATACGTACTTAGCCAC-1,tumour
ATACGTCCACTCCTGT-1,paratumour
ATACGTTATGCACGGA-1,tumour
ATACTAGCATGACCCT-1,tumour
ATACTCTCGCCACTCT-1,tumour
ATACTGCCTTACACCG-1,tumour
ATAGACAACGGGACCT-1,paratumour
ATAGACGAAGAGAAAG-1,tumour
ATAGAGTACTGGGACA-1,tumour
ATAGAGTTATCAACTT-1,tumour
ATAGATTTGCAGTCGG-1,paratumour
ATAGCTGCTCTTGTTA-1,paratumour
ATAGGCGGCTATAGAA-1,tumour
ATAGGCTAGCTTCGCA-1,tumour
ATAGGGATATCCTTGA-1,tumour
ATAGGTTGGGCAGATG-1,tumour
ATAGTCTTTGACGTGC-1,paratumour
ATAGTGAAGCGTTCTC-1,tumour
ATAGTTCCACCCACTC-1,tumour2
ATATAAATGTAGCTGC-1,tumour
ATATACATGTATGGTA-1,paratumour
ATATAGAGTATTGGTC-1,paratumour
ATATCAACCTACAGAG-1,necrotic
ATATCGGTAGGGAGAT-1,necrotic
ATATCGTGCCAGACCC-1,paratumour
ATATCTCCCTCGTTAA-1,paratumour
ATATCTTAGGGCCTTC-1,fibrotic
ATATGTCTCCCTAGCC-1,tumour2
ATATTCCACATAGTGA-1,tumour
ATATTCCCACAGGTCA-1,tumour
ATATTGCTGTCAAAGT-1,paratumour
ATATTTAACCCTCAAG-1,tumour
ATCAAACACTGTTCCA-1,paratumour
ATCAAACGAAGGTTTG-1,tumour
ATCAATCTGGGCTGCA-1,tumour
ATCAATGCCGTGGCTG-1,fibrotic
ATCACATTAGAATATC-1,paratumour
ATCACGTGCTAATTAA-1,tumour
ATCACTTCATCCTCGC-1,tumour
ATCAGCCTCATGCTGC-1,tumour
ATCAGCTCGTCCACTA-1,paratumour
ATCAGGTCGCCATTGC-1,paratumour
ATCAGTAGGCAGGGAT-1,paratumour
ATCATCCAATATTTGT-1,tumour
ATCATCTGCCCAGTGT-1,paratumour
ATCATGGACTACCGAC-1,paratumour
ATCCAACGCAGTCATA-1,fibrotic
ATCCAATGGAGGGTCC-1,tumour
ATCCACATCGACAGAA-1,tumour
ATCCACGCTAAATGTT-1,paratumour
ATCCAGAGCAACAACC-1,tumour
ATCCCATCCACAGCGC-1,paratumour
ATCCTGCTGCAGATAG-1,fibrotic
ATCCTTCTGAAAGAAC-1,paratumour
ATCGACCCAATACAGA-1,tumour
ATCGACTCTTTCCGTT-1,tumour
ATCGCACGATTGTTCA-1,paratumour
ATCGCACGCCGGGAGA-1,tumour
ATCGCCAGTCAACATT-1,tumour2
ATCGCTGCGTGCAGCA-1,tumour
ATCGCTTTACGTCTCA-1,paratumour
ATCGGAGACAGACGGC-1,tumour
ATCGGCAAGCAGTCCA-1,tumour
ATCGTGGAAAGTCTGG-1,fibrotic
ATCGTTCACTTTCGCC-1,fibrotic
ATCTAATATCCTACGG-1,fibrotic
ATCTAGCTTGTGAGGG-1,tumour
ATCTCCCTGCAATCTA-1,paratumour
ATCTCGTGAGCGAAAC-1,tumour2
ATCTGACATGGAAGGA-1,paratumour
ATCTGATAGTGTCTTA-1,paratumour
ATCTGCACCTCTGCGA-1,tumour
ATCTGGGCTGTTCTTG-1,tumour
ATCTGGTTAAGACTGT-1,tumour
ATCTGTAATTGTACCC-1,tumour
ATCTTGACCTGCAACG-1,tumour
ATCTTGACTTGTCCAA-1,tumour
ATGAAGCCAAGGAGCC-1,fibrotic
ATGACGCCGGCTCTAA-1,paratumour
ATGACGCGTTCTATCC-1,fibrotic
ATGACTATCAGCTGTG-1,paratumour
ATGACTATGCGACATT-1,paratumour
ATGAGGAGTGTTAATC-1,paratumour
ATGAGGGCAGCGGCTA-1,tumour2
ATGATCGGGAATAGAC-1,paratumour
ATGCACTACCGCATTG-1,tumour
ATGCATGATCCAGGAT-1,tumour
ATGCATTCCGTGATGG-1,tumour
ATGCCATTTGCGACCA-1,paratumour
ATGCCGGTCTTGCATA-1,tumour
ATGCCGGTTGATGGGA-1,paratumour
ATGCGACAGTCCCATT-1,tumour
ATGCGAGTCCCACCAC-1,paratumour
ATGCTCAGTGTTGCAT-1,paratumour
ATGGAAATTTAAGGAG-1,paratumour
ATGGAACCTTTGCACA-1,tumour2
ATGGAGCAGGCCGTGA-1,tumour
ATGGATCCGGCGTCCG-1,paratumour
ATGGATTGACCAAACG-1,tumour
ATGGCAGCATTACGAT-1,paratumour
ATGGCGGAATAGTCGC-1,paratumour
ATGGCTGGAAATGGCC-1,paratumour
ATGGGAACGGAAGCGG-1,paratumour
ATGGGACCTGCTGAAC-1,fibrotic
ATGGGCCTCGGCCTCT-1,paratumour
ATGGGTGTATACCTCC-1,fibrotic
ATGGTCGCGTGGTTTC-1,paratumour
ATGGTGCTCAAAGCCA-1,paratumour
ATGTAAGGCTGCTCTT-1,paratumour
ATGTACGATGACGTCG-1,tumour
ATGTAGCGCGCGTAGG-1,tumour
ATGTGAAAGCCTAATG-1,paratumour
ATGTGCATCCGACGCA-1,tumour
ATGTGGACATCTTGAT-1,fibrotic
ATGTGTAGTTTAGTCA-1,tumour
ATGTTACGAGCAATAC-1,tumour
ATGTTCCTGCCCACCT-1,paratumour
ATGTTCGTCGACCCAC-1,paratumour
ATTAAACATGCGGACC-1,tumour
ATTAATACTACGCGGG-1,tumour
ATTAATGAACCAGTCG-1,tumour
ATTAATTCGGTCACTC-1,paratumour
ATTACAACTACCGGCC-1,paratumour
ATTACCACACTGCCTG-1,tumour2
ATTACGCGCTGGCAGG-1,tumour
ATTACTAGCCTCTTGC-1,tumour
ATTACTTACTGGGCAT-1,tumour
ATTAGATTCCTCAGCA-1,tumour
ATTAGATTGATAGCGG-1,paratumour
ATTAGGCGATGCTTTC-1,tumour
ATTATACTTTGCTCGT-1,paratumour
ATTATAGCTACTTTAC-1,tumour2
ATTATCTCGACAGATC-1,tumour
ATTATGCCATAGGGAG-1,tumour
ATTATTATGTCCGTCA-1,fibrotic
ATTCAGGACCTATTTC-1,tumour
ATTCAGGATCGCCTCT-1,paratumour
ATTCAGTAGCAGGGTC-1,paratumour
ATTCATATACTGTCCA-1,tumour
ATTCCCACATAAACAA-1,paratumour
ATTCCTCCGCCAGTGC-1,paratumour
ATTCCTTCCAGGCGGT-1,tumour
ATTCGTGCTATCTCTT-1,necrotic
ATTCTCGTCTCTTTAG-1,necrotic
ATTCTGAGTATGAACT-1,paratumour
ATTCTTCGTACTTATG-1,paratumour
ATTGAAGATCTTAGTG-1,tumour
ATTGACCGGCGATGAC-1,tumour
ATTGACGTAACTCGGT-1,paratumour
ATTGATAGCAACGAGA-1,paratumour
ATTGATCACCACATTT-1,paratumour
ATTGATGAGTCCTAAC-1,tumour2
ATTGCGATCAGTAACT-1,paratumour
ATTGCTGCTCCTCCAT-1,tumour
ATTGGATTACAGCGTA-1,fibrotic
ATTGGGAATATCTTGG-1,necrotic
ATTGTACAACTCGGCT-1,tumour2
ATTGTCGCAATACCTT-1,paratumour
ATTGTTCAACGATCCG-1,tumour
ATTTAACTCGTATTAC-1,necrotic
ATTTACAGTTTACTGG-1,tumour
ATTTACTAAGTCCATT-1,tumour
ATTTCATTATTTCGCG-1,paratumour
ATTTCCGGGTTCTGCG-1,fibrotic
ATTTGCCTAGTTACGA-1,paratumour
ATTTGCGCGAGTAGCT-1,fibrotic
ATTTGGAGATTGCGGT-1,paratumour
ATTTGTCTTGGGAGCT-1,tumour
ATTTGTTCCAGGGCTC-1,tumour
CAAACGGTCGCACTTT-1,tumour
CAAACGTGGTCTTGCG-1,paratumour
CAAACTACGATAGAGA-1,paratumour
CAAACTATTGAGCTTC-1,paratumour
CAAACTCGCGACGCCG-1,tumour2
CAAAGATTATTGGGCC-1,necrotic
CAAAGGTCATCTGAAA-1,paratumour
CAAATCTCTCACAAGG-1,paratumour
CAAATGCGGAGTGTTC-1,paratumour
CAAATGTCCTTCCGTG-1,tumour
CAAATTGGATTATGCC-1,tumour
CAAATTGTCAGCAAGC-1,paratumour
CAACACATCTCCTGCC-1,paratumour
CAACAGTGCCAAACGG-1,paratumour
CAACCGCACCTAGACA-1,paratumour
CAACGACCCGTTTACA-1,fibrotic
CAACGGTTCTTGATAC-1,tumour
CAACTATATCGAATGC-1,paratumour
CAACTCCAACGTTTAG-1,paratumour
CAACTCCTTGATCCCG-1,paratumour
CAACTTGTAGTGGGCA-1,necrotic
CAAGAGGGCGGAGTAC-1,fibrotic
CAAGATATTATAACGT-1,paratumour
CAAGCAACGTCGGAGT-1,tumour
CAAGCACCAAATGCCT-1,tumour
CAAGGATCGCATGTTC-1,tumour
CAAGGTCCTATAGGCT-1,tumour2
CAAGTGAACTTTGGTT-1,tumour
CAATAAACCTTGGCCC-1,tumour
CAATACGAGAGTCTGA-1,tumour2
CAATATTCTTGACCTA-1,fibrotic
CAATATTGGACTAGTG-1,paratumour
CAATCCCTATACCAGC-1,paratumour
CAATCCTGCCGTGGAG-1,tumour
CAATGAGGTTCGACTA-1,tumour
CAATGCGAGAAGTATC-1,tumour
CAATGGAATCTACATA-1,paratumour
CAATGGATCTCTACCA-1,tumour
CAATGGTCGGCCTGGG-1,tumour
CAATGTGCCAACCCTT-1,necrotic
CAATTAAGGGTGATGA-1,tumour
CAATTTCGTATAAGGG-1,fibrotic
CACACACGCTAACGAG-1,fibrotic
CACACAGCTTGCGCTC-1,tumour2
CACACAGGGATAGATT-1,paratumour
CACACGCGCTGTCTTA-1,tumour
CACACGTTTCAATGGG-1,paratumour
CACAGAGACGAGGACG-1,paratumour
CACAGCACCCACGGCA-1,tumour
CACAGCTAGGGAGTGA-1,tumour
CACAGGGCCGTTGTCA-1,tumour
CACATATTAGCAGGAT-1,fibrotic
CACATCGTGCACGCGC-1,fibrotic
CACATCTCACCGACGA-1,tumour
CACATGATTCAGCAAC-1,fibrotic
CACATGTTTGGACATG-1,paratumour
CACATTCTTTCGATGG-1,tumour
CACATTTCTTGTCAGA-1,tumour2
CACCAGTCAGCATGCA-1,necrotic
CACCATCGGAGGAGAC-1,tumour
CACCCAAATCTTATGT-1,necrotic
CACCCACACGTCACCC-1,necrotic
CACCCACGAGGCAATT-1,paratumour
CACCCGGTTTGTGACT-1,fibrotic
CACCCTTGGTGAGACC-1,fibrotic
CACCCTTTCCTCGCTC-1,fibrotic
CACCGATACACCGAGC-1,paratumour
CACCGCCAGAAGGTTT-1,tumour
CACCGCCGACCAGCGA-1,paratumour
CACCGCGTCCACTCTA-1,tumour
CACCGGAGATATCTCC-1,paratumour
CACCGTATCCCATCCG-1,fibrotic
CACCGTTAGGGATCAC-1,fibrotic
CACCGTTGCGCGATAT-1,tumour
CACCTAATAGAGTCGT-1,paratumour
CACCTAATCAGTTTAC-1,tumour
CACCTCGATGGTGGAC-1,tumour
CACCTTGCGAAACTCG-1,tumour
CACCTTGGCGCCTTTG-1,tumour2
CACGAAAGTTAGTCCC-1,tumour
CACGACTAAAGTTCTG-1,paratumour
CACGATTGGTCGTTAA-1,paratumour
CACGCACAGCGCAGCT-1,tumour
CACGCAGCGAGGCTTT-1,tumour
CACGGCGCGCCAAAGG-1,tumour
CACGTCGGCAACCTCT-1,tumour
CACGTCTATGATGTGG-1,paratumour
CACGTTCGTGCTCTAG-1,tumour
CACTAAAGTTGCCTAT-1,tumour
CACTACTCAGTTCTGT-1,paratumour
CACTCAAGAGCTATGG-1,tumour
CACTCAGCTCTTGAGG-1,paratumour
CACTCCTATGTAAGAT-1,fibrotic
CACTCCTCTCGGTCGG-1,paratumour
CACTCGAGCTGAACAA-1,fibrotic
CACTCGGTTAGGAGGA-1,paratumour
CACTGTCCAAGTGAGA-1,paratumour
CACTTAATCAGACGGA-1,tumour
CACTTCGCCACAGGCT-1,paratumour
CACTTCGTCTTATCTC-1,paratumour
CAGAATATTCGTTATC-1,tumour
CAGACACCGATCGCTG-1,fibrotic
CAGACCTGTAAGTGTT-1,tumour
CAGACGAACCTGATAC-1,tumour
CAGAGACGGTCACCCA-1,fibrotic
CAGAGCATGAGCTTGC-1,tumour
CAGAGGCGATGCATGA-1,paratumour
CAGAGTGATTTAACGT-1,paratumour
CAGATCATTTAAAGTC-1,tumour
CAGATCCTGGTTTGAA-1,necrotic
CAGATGTTTGTCCCAA-1,paratumour
CAGCAGCCCGTTCCTT-1,tumour
CAGCAGTCCAGACTAT-1,paratumour
CAGCCCTCACAGGCAG-1,paratumour
CAGCCGGGCCCTCTAT-1,paratumour
CAGCCTCCTGCAGAGG-1,tumour
CAGCCTCTCCTCAAGA-1,tumour
CAGCGATTCCCTTCAA-1,fibrotic
CAGCTCACTGAGACAT-1,tumour
CAGCTCGACAAGTTAA-1,paratumour
CAGCTCGTGCTTGTGT-1,necrotic
CAGCTGGCGTAACCGT-1,fibrotic
CAGCTTAGTAGGTAGC-1,tumour
CAGGAAGACTTTATAT-1,paratumour
CAGGATATATCGTTGT-1,tumour
CAGGATCCGCCCGACC-1,paratumour
CAGGCCGTTTGGGTGT-1,tumour
CAGGCGCACGGTGGTC-1,necrotic
CAGGCGCCATGCTAGG-1,fibrotic
CAGTAACTATTTATTG-1,tumour
CAGTAAGGGACGTCTC-1,paratumour
CAGTAATCCCTCCCAG-1,paratumour
CAGTACATTCTCTAAA-1,tumour
CAGTACCAGTTTACGT-1,paratumour
CAGTAGCGAGGTAGTA-1,paratumour
CAGTCGAGGATGCAAT-1,tumour
CAGTCTCTCGGCTAAT-1,paratumour
CAGTCTGTATACTGGG-1,fibrotic
CAGTGAATAAATGACT-1,tumour
CAGTGGTTGCACATGA-1,paratumour
CAGTGTCCGCAGAATG-1,tumour
CAGTTCCGCGGGTCGA-1,paratumour
CATAACGGACAGTCGT-1,paratumour
CATAAGAAGCTTGGCT-1,paratumour
CATAATGAGCGGGCGA-1,fibrotic
CATACAAAGCCGAACC-1,tumour
CATACACAAAGTCAGC-1,paratumour
CATACGAACTAGCTGG-1,paratumour
CATACGGCGTCTGGGC-1,fibrotic
CATACGGGTGCATGAT-1,paratumour
CATACTATGTAATTGT-1,tumour
CATACTTAGGCAATAC-1,necrotic
CATAGCCGCCCGGGAT-1,paratumour
CATAGCGTTGCCCACC-1,fibrotic
CATAGTACATTGAGAG-1,paratumour
CATAGTAGCATAGTAG-1,paratumour
CATAGTCCACAAGAAC-1,tumour
CATATACTACTGATAA-1,tumour
CATATAGGTACAGTCA-1,tumour
CATATGTCAGGCTACG-1,fibrotic
CATATTATTTGCCCTA-1,paratumour
CATCAACACCTACTAA-1,paratumour
CATCATCTACCCGGAC-1,paratumour
CATCCGCAGGCCCGAA-1,paratumour
CATCGCCCGCGGCCAA-1,necrotic
CATCGGACGGGTTAAT-1,tumour
CATCGTCCGGTTACTA-1,paratumour
CATCTAGTGAAGGGAA-1,tumour2
CATCTATCCCGTGTCT-1,tumour
CATCTTACACCACCTC-1,tumour2
CATGAACCGACATTTG-1,necrotic
CATGAACCTCTTATCA-1,paratumour
CATGACTTCGCTGAAT-1,necrotic
CATGATGCACAATTCT-1,tumour
CATGATGGAAGTTAGC-1,paratumour
CATGCACGTGTTACTG-1,paratumour
CATGCATGGAGACCCT-1,paratumour
CATGCCAACTCGCAAA-1,paratumour
CATGCGACCAGTTTAA-1,tumour
CATGCGTTAGACAGAA-1,paratumour
CATGCTGGCTCCAATT-1,tumour
CATGGATTGTCTTCCG-1,fibrotic
CATGGCAGGAAGATCG-1,paratumour
CATGGGTCGGGTGTGG-1,paratumour
CATGGTAAGTAGCGTT-1,tumour
CATGGTATTAGTTTGT-1,paratumour
CATGGTCTAGATACCG-1,tumour
CATGTAAGAGACATTT-1,tumour
CATGTCTCATTTATGG-1,paratumour
CATTACATAGATTGTG-1,tumour
CATTACGTCGGCCCGT-1,tumour
CATTATAACAGGGTCC-1,paratumour
CATTATGCTTGTTGTG-1,tumour
CATTCACTGACAGCTA-1,paratumour
CATTCAGGTCAGTGCG-1,paratumour
CATTCCCATTCCGTCG-1,paratumour
CATTCCCTAAGTACAA-1,paratumour
CATTGCAAAGCATAAT-1,paratumour
CATTGCGGGTCAATTC-1,tumour
CATTGTGTGCTAGATC-1,paratumour
CATTTAGCGGACCATG-1,tumour
CATTTATCGTTCAAGA-1,paratumour
CATTTCTAGCAGACTA-1,tumour
CATTTGAGTGGTACGT-1,tumour
CCAAACAGAACCCTCG-1,fibrotic
CCAAAGCAGTTGGTTG-1,paratumour
CCAAAGTCCCGCTAAC-1,paratumour
CCAACGATGCACTGAT-1,tumour
CCAACTTGATAGATCC-1,paratumour
CCAAGAAAGTGGGCGA-1,fibrotic
CCAAGACTTCTGCGAA-1,tumour
CCAAGCGTAACTCGTA-1,tumour
CCAAGGAACAGAGAGG-1,necrotic
CCAAGTTTCTACAGAT-1,paratumour
CCAATAGTGCCGTCGA-1,tumour
CCAATCGGTAGATCGA-1,paratumour
CCAATGTCACAGCAAG-1,tumour
CCAATTACGGGTCGAG-1,tumour
CCAATTGAATGTTAAT-1,paratumour
CCACAATGTACGTCTT-1,tumour
CCACAGCTGAAATCAT-1,tumour
CCACATACTGCACCCA-1,paratumour
CCACCAACTTTACTGT-1,fibrotic
CCACCCAAGGAAAGTG-1,tumour
CCACGAATTTAACCTC-1,necrotic
CCACGAGAAGAGAATC-1,paratumour
CCACGGAGCCATAAGA-1,fibrotic
CCACGGTGCCCGGTAG-1,necrotic
CCACGTAAATTAGACT-1,paratumour
CCACTAAACTGAATCG-1,paratumour
CCACTATCCGGGTCAC-1,paratumour
CCAGAAAGCAACTCAT-1,fibrotic
CCAGAGACAAAGCCGG-1,paratumour
CCAGATAGTTGAGTGA-1,tumour
CCAGCCTGGACCAATA-1,tumour
CCAGCGGGATCACCAG-1,paratumour
CCAGCTACGCCTCATA-1,tumour
CCAGCTCGAACGCATT-1,tumour
CCAGCTTCCGCCCGCA-1,paratumour
CCAGGGACGTGGCCTC-1,tumour
CCAGTAGTCTGATCCA-1,paratumour
CCAGTCCATTATTCGA-1,paratumour
CCAGTCTAGACGGCGC-1,tumour
CCAGTCTTGTCATAGA-1,tumour
CCATAAACAACCCGAC-1,paratumour
CCATACCTTTACTTGT-1,tumour
CCATAGAGGCTGCCAG-1,paratumour
CCATAGGTTGGCGTGG-1,fibrotic
CCATAGTCAGTAACCC-1,paratumour
CCATATGGAAACTATA-1,fibrotic
CCATATTGGATCATGA-1,paratumour
CCATCCATACCAAGTC-1,tumour
CCATCGCAGTTAAACT-1,fibrotic
CCATCTCACCAGTGAA-1,tumour2
CCATCTTGTTCACAAT-1,fibrotic
CCATGCCTGTTTAGTA-1,tumour
CCATGCTCTGCAGGAA-1,paratumour
CCATGGCCCTTGTACC-1,paratumour
CCATTAGCGATAATCC-1,tumour
CCATTCCCTGCCCACA-1,tumour
CCCAAACATGCTGCTC-1,tumour
CCCAACCACACTAACA-1,paratumour
CCCAAGAATGCACGGT-1,paratumour
CCCAAGACAGAGTATG-1,fibrotic
CCCAATGAGATTTGCA-1,tumour
CCCAATTTCACAACTT-1,tumour
CCCACTCCACGGTATC-1,paratumour
CCCAGAGGAGGGCGTA-1,tumour
CCCAGTAAACTTGGGA-1,paratumour
CCCAGTTAAGGCGCCG-1,tumour
CCCGACCATAGTCCGC-1,tumour
CCCGAGTTTCTCCGTA-1,paratumour
CCCGATAGCCTCGCCT-1,paratumour
CCCGCAGCGCGAACTA-1,fibrotic
CCCGCAGGGCCCAAAG-1,paratumour
CCCGCCATGCTCCCGT-1,paratumour
CCCGCGCAATGCACCC-1,paratumour
CCCGCTAGAGGGTTAA-1,paratumour
CCCGCTTGCCCTCGTC-1,paratumour
CCCGGTGGAAGAACCT-1,paratumour
CCCGGTGTATCGGAAT-1,necrotic
CCCGTAAGTCTAGGCC-1,paratumour
CCCGTAGCTGGGAAGA-1,fibrotic
CCCGTCAGCGTCTGAC-1,tumour
CCCGTGAGGGCGGTGA-1,paratumour
CCCTAGGCAACAAGAG-1,paratumour
CCCTAGTGTCAGGTGT-1,paratumour
CCCTATGTAGAGCAGA-1,necrotic
CCCTCATTCTGGAATT-1,necrotic
CCCTCGGGAGCCTTGT-1,paratumour
CCCTGAAATGAGTTGA-1,tumour
CCCTGACTAACAAATT-1,paratumour
CCCTGATGTAACTCGT-1,paratumour
CCCTGCGCTACGCATA-1,tumour
CCCTGGCTGTTCCTTC-1,paratumour
CCCTGGTATGGGCGGC-1,paratumour
CCCTGTTGGCAAAGAC-1,paratumour
CCCTTCTCGTACGCGA-1,paratumour
CCCTTTGACAGGTCTT-1,fibrotic
CCGAAAGTGGTGAGCA-1,paratumour
CCGAACACTGGGCCTC-1,paratumour
CCGAACCTTCCCGGCC-1,fibrotic
CCGAAGCATTGACCAA-1,paratumour
CCGAAGTATATTGTTC-1,paratumour
CCGACAAACACATGAG-1,paratumour
CCGACAAAGGGAGTGC-1,paratumour
CCGACGGGCATGAGGT-1,necrotic
CCGACGTAAACACAAC-1,fibrotic
CCGACTCGCATAGTCT-1,paratumour
CCGAGAAGTCGCATAA-1,tumour2
CCGAGCTGTGCTTGTC-1,tumour
CCGAGGGATGTTAGGC-1,tumour
CCGATCTCAACCTTAT-1,tumour2
CCGCACAAAGACCAAC-1,tumour
CCGCACACGAACGTGT-1,paratumour
CCGCACGTGACCTCGG-1,paratumour
CCGCCACCACAATCCA-1,paratumour
CCGCCGGAACTTCTCG-1,fibrotic
CCGCCGTTGAGGATAA-1,tumour2
CCGCCTGCGAATTGGT-1,tumour
CCGCGCAAGATACCCA-1,paratumour
CCGCGGAATGCGTCAC-1,tumour
CCGCGGGTACGAAGAA-1,tumour
CCGCGTAGGTAAGGGC-1,paratumour
CCGCTGGTGCCATTCA-1,paratumour
CCGCTTACCTCACTCT-1,tumour
CCGCTTCGCGGTTAAC-1,paratumour
CCGCTTGCTGACATGG-1,tumour
CCGGAAGTTATCAGTC-1,paratumour
CCGGCACGACCGTTTC-1,necrotic
CCGGCCGCGAGCATAT-1,paratumour
CCGGCGCATATTGGAT-1,tumour
CCGGCGTGAGACTCTG-1,paratumour
CCGGGACCCGCAGAGA-1,paratumour
CCGGGCGGTCTCGTCA-1,tumour
CCGGGCTGCTCCATAC-1,tumour
CCGGGTTCGAGGTTAC-1,tumour
CCGGTAATGGCTAGTC-1,necrotic
CCGGTTTGTAATTGTG-1,fibrotic
CCGTAAGTTGGTCCCA-1,tumour
CCGTACCCAAGCGCCA-1,tumour
CCGTATCTCGTCGTAG-1,necrotic
CCGTATTAGCGCAGTT-1,tumour
CCGTGAGGCATTCATG-1,paratumour
CCGTGCCCATGACGGC-1,necrotic
CCGTGGAACGATCCAA-1,tumour
CCGTGTTAAATTCCAT-1,tumour
CCGTTACGTTAGAACA-1,tumour
CCTAAACAGGGTCCGT-1,paratumour
CCTAAAGGCTGACGCT-1,paratumour
CCTAAATTAACGGTTC-1,tumour
CCTAACCCAAACAAGT-1,paratumour
CCTAACTAAGGCTCTA-1,tumour
CCTACATTCACAGACG-1,tumour
CCTACGGCTCAGTCGA-1,tumour
CCTACTGCTTACACTT-1,tumour
CCTAGGCGTAGCGATC-1,paratumour
CCTAGGTAAAGGTAGC-1,paratumour
CCTAGTTAGTCGCATG-1,paratumour
CCTATAATGAGTGCCC-1,tumour
CCTATACCGTCCTGTC-1,paratumour
CCTATATCGTGTCACG-1,paratumour
CCTATCTATATCGGAA-1,tumour
CCTATGAAGTGGTGCC-1,necrotic
CCTATGGCTCCTAGTG-1,fibrotic
CCTATGGGTTACCGTC-1,tumour
CCTATGGTCAAAGCTG-1,tumour
CCTCAACGATCGCTGT-1,paratumour
CCTCACCAATCTTGAC-1,tumour
CCTCACCTGAGGGAGC-1,tumour
CCTCACCTTAGCATCG-1,tumour
CCTCATGCAGCTACGA-1,tumour
CCTCCCGACAATCCCT-1,paratumour
CCTCCGACAATTCAAG-1,tumour
CCTCCTGAGCCCACAT-1,paratumour
CCTCGAAGTGGACGGG-1,paratumour
CCTCGACCCACTGCCT-1,paratumour
CCTCGCCAGCAAATTA-1,tumour
CCTCGCGCGATATAGG-1,tumour
CCTCGGACCGGGATAG-1,tumour
CCTCTAATCTGCCAAG-1,tumour
CCTCTATCGATTAGCA-1,necrotic
CCTCTCTCCCATCTAG-1,tumour
CCTCTGGCCTAGACGG-1,paratumour
CCTCTGTACTATTCTA-1,fibrotic
CCTGAACGATATATTC-1,tumour
CCTGAATATTTACATA-1,tumour
CCTGACCACCGATGGT-1,tumour
CCTGACGCAACCTTTA-1,paratumour
CCTGCGATAGAACTGT-1,paratumour
CCTGCTATTTGAGAAG-1,tumour
CCTGGAAACGTTCTGC-1,necrotic
CCTGTAAGACATGATA-1,tumour
CCTGTACTCACGCCCA-1,paratumour
CCTGTCACCCGGGCTC-1,tumour
CCTGTCCCTCACGTTA-1,necrotic
CCTGTCGCCCGTAAAT-1,tumour
CCTTCTTGATCCAGTG-1,tumour
CCTTTCAATGAAGAAA-1,tumour
CCTTTGAATTATGGCT-1,paratumour
CGAAACATAGATGGCA-1,paratumour
CGAACAGTATGGGCGT-1,paratumour
CGAACCCGCATGCGTC-1,tumour
CGAACGCCCAGTGCCG-1,paratumour
CGAACGGCCGGACAAC-1,paratumour
CGAAGACTGCCCGGGA-1,paratumour
CGAAGCTATAAATTCA-1,tumour
CGAAGTTGCTCTGTGT-1,tumour
CGAATCTGCTCGACGC-1,fibrotic
CGAATGAAGTCATTGC-1,fibrotic
CGACAATTTGATCTAA-1,paratumour
CGACACGCTCCGACAG-1,paratumour
CGACAGTTCGCGTTAT-1,tumour
CGACATGCGATCTTCT-1,paratumour
CGACCCTTAACGCCGG-1,paratumour
CGACGCATCCGTACCT-1,paratumour
CGACTCAGGATGTTAT-1,paratumour
CGACTTTGTATAGCCT-1,tumour2
CGAGACCCTAGAGTGT-1,tumour
CGAGAGATGTGAACCT-1,tumour
CGAGATGTTGCCTATA-1,paratumour
CGAGATTTCGCTCGGG-1,necrotic
CGAGCACTTCAAGTTT-1,paratumour
CGAGCGTTGATCAGCC-1,necrotic
CGAGCTGGGCTTTAGG-1,tumour
CGAGGAGCTTCCATAT-1,tumour
CGAGGATCGGGAACGA-1,tumour
CGAGGCCAGGCATTGG-1,paratumour
CGAGGCTAAATATGGC-1,tumour
CGAGGGACTGCGGTCG-1,tumour
CGAGGGTATCCAGGTG-1,tumour
CGAGTACTAAAGAGGA-1,tumour
CGAGTGAAGGTACCAG-1,necrotic
CGAGTGCTATAGTTCG-1,fibrotic
CGAGTTCTGTCCCACC-1,tumour
CGAGTTTATCGGACTG-1,paratumour
CGATAATACTCAGGTT-1,necrotic
CGATATTAGCCGCAGG-1,tumour
CGATCCGACCCAGTGC-1,tumour
CGATCCTCGCAACATA-1,paratumour
CGATCTGTTGGAGGAC-1,paratumour
CGATGGACCCTACGCC-1,tumour
CGATGTTGTTATCTAC-1,fibrotic
CGATTCGCCTGGCTGC-1,paratumour
CGCAAACACGAGTTAC-1,tumour
CGCAATTACTTTCGGT-1,paratumour
CGCAATTAGGGTAATA-1,tumour
CGCAATTCTACAATAA-1,paratumour
CGCACATGTCCACTAC-1,paratumour
CGCACGTGCGCTATCA-1,tumour2
CGCAGAAACATTTGCG-1,tumour
CGCAGATCTTCACCCG-1,tumour
CGCAGGCGATCCAAAC-1,fibrotic
CGCATCATGGCTTCAG-1,paratumour
CGCATCCATCAGCCAG-1,tumour
CGCATGGTGCGATGCT-1,tumour
CGCATTAGCTAATAGG-1,tumour
CGCCACAGGTCGCGAT-1,paratumour
CGCCACCCGCATTAAC-1,paratumour
CGCCATCCGATTATGA-1,tumour
CGCCCGCTTCCGTACA-1,paratumour
CGCCCTTGAAGGCTGA-1,paratumour
CGCCGCCCATGCCTGT-1,tumour
CGCCGTCTACCCATCG-1,paratumour
CGCCTCCCTCCTCTAT-1,tumour
CGCCTGGCCTACGTAA-1,paratumour
CGCCTTTAGCATGCTC-1,tumour2
CGCGACACTGCGCAGC-1,paratumour
CGCGACCGCGACAGAT-1,tumour
CGCGAGTCTGCCGGGT-1,necrotic
CGCGCAAATGTCCAGA-1,necrotic
CGCGCAAGGAACTACA-1,paratumour
CGCGCATGTTTGATTG-1,tumour
CGCGCCCGACTTAATA-1,tumour
CGCGGCAGTATTACGG-1,paratumour
CGCGGGAATTAGGCAG-1,tumour
CGCGGTAAGTCTAGCT-1,tumour
CGCGGTCACAAACCAA-1,tumour
CGCGTCATATTAAACC-1,paratumour
CGCGTTCATGAAATAC-1,tumour
CGCTACCGCCCTATGA-1,paratumour
CGCTACGGGACATTTA-1,tumour
CGCTAGAGACCGCTGC-1,tumour2
CGCTATACCGCCCACT-1,tumour
CGCTATTCAATGTATG-1,paratumour
CGCTATTCTTAGGCTC-1,fibrotic
CGCTCGACATAATGAT-1,paratumour
CGCTCTCCGTAGATTA-1,tumour
CGCTGAGGACGTCCAA-1,paratumour
CGCTGGTGACTACCCT-1,paratumour
CGCTGTGACGCCGCAC-1,tumour
CGCTGTGTGGATGTTG-1,tumour
CGCTTATTCCCGGTCG-1,tumour
CGCTTCCACTGAAATC-1,tumour
CGCTTTCATACCGGTG-1,necrotic
CGCTTTCTTGCATTCG-1,tumour
CGGAAATTTCACATCC-1,paratumour
CGGACGTTACTTGAAG-1,paratumour
CGGAGCAATTTAATCG-1,fibrotic
CGGAGCATGGCGATCC-1,tumour
CGGAGCTTATAACACC-1,paratumour
CGGAGTTTGAGAGACA-1,fibrotic
CGGATAAGCGGACATG-1,paratumour
CGGCAAACATCGTGCG-1,fibrotic
CGGCACCGTTAGCGCC-1,paratumour
CGGCACTCAAGAAAGT-1,tumour
CGGCAGGGTCGGGTTG-1,paratumour
CGGCCACGCACAAAGT-1,tumour
CGGCCCAACCTGTAGT-1,tumour
CGGCCCAGGTATATCC-1,tumour2
CGGCTCTAAAGCTGCA-1,tumour2
CGGCTCTTCGTCGAAC-1,paratumour
CGGCTGCAAGATTAAG-1,paratumour
CGGCTTTGTATGATAA-1,tumour
CGGGAATATAGTATAC-1,paratumour
CGGGAGCTTCAGTGTA-1,paratumour
CGGGAGTATACCGCCG-1,paratumour
CGGGATCAATGTAAGA-1,tumour
CGGGCAGCTAAACCGC-1,tumour
CGGGCCATAGCCGCAC-1,paratumour
CGGGCCTTCTTTGTAA-1,tumour
CGGGTGTACCCATTTA-1,tumour
CGGTACGGCAAACCCA-1,paratumour
CGGTACTAGAATCAAA-1,tumour
CGGTAGAGGTGCAGGT-1,tumour
CGGTATAGGTATTAGC-1,tumour
CGGTCAAGTGGGAACC-1,tumour
CGGTCTATCAACCCGT-1,paratumour
CGGTGCGCGTTGGTCC-1,tumour
CGGTGGGCTCCAGCCT-1,tumour
CGGTGTACTTGATCCC-1,tumour
CGGTTATCCAACAGTG-1,tumour
CGGTTCAAGTAGGTGT-1,tumour
CGGTTCCGGCTTCTTG-1,tumour
CGGTTGAGTATCCTTC-1,paratumour
CGTAAACGCTTGAGTG-1,tumour
CGTACCGAAAGTCTAG-1,paratumour
CGTACCTGATAGGCCT-1,tumour
CGTAGCGAATTGTCAG-1,paratumour
CGTAGCGCCGACGTTG-1,tumour
CGTATTAAGAGATCTA-1,tumour
CGTCAATCTTTAACAT-1,paratumour
CGTCACGTCCATTGGT-1,tumour
CGTCAGCTATTTACTC-1,paratumour
CGTCAGTGCGCACAAG-1,necrotic
CGTCAGTTTATCGTCT-1,paratumour
CGTCATACCATATCCA-1,paratumour
CGTCGCGGCGGGATTT-1,paratumour
CGTCGCTTGGTTATAC-1,fibrotic
CGTCGGATAGTGTTGA-1,tumour2
CGTCGGGTCTAAGCGC-1,necrotic
CGTCGTCCTTCGCGAA-1,tumour
CGTCTGGAAGGGCCCG-1,paratumour
CGTCTTGAGTGTGACG-1,paratumour
CGTGAAGTTAATTCAC-1,tumour
CGTGACATTGGGTCGT-1,paratumour
CGTGCAGACTGGGACA-1,tumour
CGTGCATTGTCGACGC-1,tumour
CGTGCCCGACATTTGT-1,paratumour
CGTGCCCTCCCGAAGA-1,tumour
CGTGCTGGCCTAGTCG-1,paratumour
CGTGCTTCTACCTAAA-1,fibrotic
CGTGGAAGCCTCGTAC-1,paratumour
CGTGTCCCATTCGCGA-1,tumour
CGTGTCTCGTTACGAC-1,fibrotic
CGTGTGTTAAACCCTG-1,tumour2
CGTTAAACTAGTTAGG-1,paratumour
CGTTAGCTCACAACTG-1,paratumour
CGTTCAGACCCGCGAA-1,tumour
CGTTCATGGTGCGCGT-1,paratumour
CGTTCTTCGCACACCT-1,tumour
CGTTGAATACCGCGCT-1,tumour
CGTTGAGCGACCGTCG-1,tumour
CGTTGTAAACGTCAGG-1,paratumour
CGTTGTAAGATTGATT-1,tumour
CGTTGTCGGCAATTGA-1,tumour
CGTTGTTTCAATTCCC-1,tumour
CGTTTAAGCGGAGCAC-1,tumour
CGTTTACAAGGCAGCT-1,tumour
CGTTTCACTTCGGGCG-1,tumour
CGTTTCGCTCATTACA-1,tumour
CGTTTGTGTAGAGGGT-1,fibrotic
CTAAACGGGTGTAATC-1,paratumour
CTAAAGAATGCCTACT-1,tumour
CTAAAGGGAAATAGGA-1,tumour
CTAAATCCGGTGTACA-1,fibrotic
CTAAATCCTATTCCGG-1,tumour
CTAACAGCACAATAAC-1,paratumour
CTAACCGCGCGCCCGT-1,tumour
CTAACGAAACTTGCTG-1,paratumour
CTAACTGGTCCGGTTC-1,tumour
CTAAGGGAATGATTGG-1,tumour
CTAATTCGCACGCGCT-1,fibrotic
CTAATTCTCAGATATT-1,tumour
CTAATTTCAACAACAC-1,paratumour
CTACAAGAAATAACCC-1,tumour
CTACACTAGCTTGTTC-1,paratumour
CTACCCTAAGGTCATA-1,paratumour
CTACGAACTAGGTCGA-1,paratumour
CTACGCACGGAGTACC-1,tumour
CTACGCCATTTCCGAT-1,paratumour
CTACGTGTTGCCACCA-1,paratumour
CTACTATCATAGGTTT-1,necrotic
CTACTATCTTTCAGAG-1,paratumour
CTACTCAAGGTATAGT-1,tumour
CTACTCTAGGCCCGGC-1,tumour
CTACTGCCACCTGACC-1,tumour
CTAGACTGCATTTCGT-1,fibrotic
CTAGATAAACTCCTCG-1,paratumour
CTAGATGTGAGTGTAA-1,tumour2
CTAGATTTACGACGGC-1,tumour
CTAGCAACTAATTTAC-1,paratumour
CTAGCATAGTATAATG-1,tumour
CTAGCCGATGTTATGA-1,tumour
CTAGCTTAATGGTCCC-1,paratumour
CTAGGCGGCAGAGAAT-1,paratumour
CTAGGTCTGAAGGAAT-1,necrotic
CTAGGTTCGGACGTGA-1,paratumour
CTAGTATTCGGAATTA-1,paratumour
CTAGTCACGTCTTAAG-1,tumour
CTAGTGAAGGACAGGA-1,tumour
CTAGTTACAACCCGGT-1,fibrotic
CTAGTTGGGCCCGGTA-1,tumour
CTATAAGAGCCAATCG-1,tumour
CTATAGGCGTTGATGT-1,tumour
CTATCGGGTCTCAACA-1,tumour
CTATGCCCGAATGCAA-1,tumour
CTATGGGAAGCGGAAT-1,fibrotic
CTATGTCACTAGCCCA-1,tumour
CTATGTCTATTGAAAC-1,tumour
CTATGTGAGTCACGGC-1,paratumour
CTATTCATGTGTCCCA-1,fibrotic
CTATTGTGTTTGGTCA-1,fibrotic
CTATTTGGTTACGGAT-1,tumour
CTCAAACCACTGCCCG-1,paratumour
CTCAAGACATTAGCGC-1,fibrotic
CTCACATTTACTAAAT-1,tumour
CTCACTTGGCTGGTAA-1,paratumour
CTCAGATTGTGATAAG-1,paratumour
CTCAGGACTCACCTGT-1,tumour
CTCAGTCACGACAAAT-1,tumour
CTCATGGCTCACAATC-1,paratumour
CTCATGGTAATTTGCG-1,fibrotic
CTCATTTGATGGGCGG-1,tumour
CTCCCAATGAGTCGCG-1,paratumour
CTCCCTCCTTTCGATC-1,necrotic
CTCCGGCCTAATATGC-1,fibrotic
CTCCGGCTTGTAGACA-1,paratumour
CTCCTAAGTTATGTCT-1,tumour
CTCCTTTACGCAAGTC-1,tumour
CTCGAGATCCAAAGCA-1,paratumour
CTCGAGGTCGAACAGT-1,tumour
CTCGATATTTGCGAGC-1,tumour
CTCGCACCTATATAGT-1,tumour
CTCGCATTGCATAGCC-1,paratumour
CTCGCCGAATGTAGGG-1,tumour
CTCGGGATAACACCTA-1,paratumour
CTCGGGCATCGTCGGG-1,paratumour
CTCGGGTTCTCTGGCC-1,necrotic
CTCGGTACCACTGCTC-1,tumour
CTCGGTCCGTAGCCTG-1,paratumour
CTCGGTTGTCGGCCCT-1,necrotic
CTCGTCGAGGGCTCAT-1,fibrotic
CTCGTTTCTAATGTTT-1,tumour
CTCTAATGCATTGATC-1,tumour
CTCTATTTGGCTGCAG-1,fibrotic
CTCTCACAATCGATGA-1,tumour
CTCTCGATGTGCGCCT-1,paratumour
CTCTCGCTGTACTATG-1,paratumour
CTCTGCGAAGCAAGCA-1,necrotic
CTCTGGACGCCTGGTG-1,tumour
CTCTGTGCCTGCTATG-1,paratumour
CTCTGTTTGAGGATTC-1,paratumour
CTCTTCTATTGACTGG-1,paratumour
CTCTTCTGGAAGTTAG-1,tumour
CTCTTGTCCCGCTTGG-1,paratumour
CTGAAAGAGATCCGAC-1,tumour
CTGAATCCGAGACCTC-1,tumour
CTGAATTTATTGCCAG-1,tumour
CTGACATAGAAATAGA-1,tumour
CTGACTGCGCAGCTCG-1,tumour
CTGAGAAAGTTCGGCG-1,paratumour
CTGAGCAAGTAACAAG-1,tumour
CTGATAGTGTATCTCA-1,paratumour
CTGCAAATGGGCTCCA-1,paratumour
CTGCACCTAGTCCACA-1,tumour
CTGCACCTGGAACCGC-1,necrotic
CTGCCAAGGTTGGAAG-1,tumour
CTGCCATGCATCACAT-1,fibrotic
CTGCCTAGCCACCAAG-1,paratumour
CTGCCTCATATGCAAC-1,paratumour
CTGCCTTTAATACCTT-1,fibrotic
CTGCGGGTGAAATGTT-1,tumour
CTGCGGTAGTCACGTG-1,paratumour
CTGCGTTACGATATAA-1,fibrotic
CTGCTGAGGCCACGAA-1,tumour
CTGCTGTCTAACGAGC-1,tumour
CTGCTTGGCGATAGCT-1,tumour
CTGCTTTATGTCCGCG-1,tumour
CTGGAAATGGATGCTT-1,tumour
CTGGAAGACACGGTGG-1,paratumour
CTGGACGCAGTCCGGC-1,paratumour
CTGGATTTACACTTGA-1,tumour
CTGGCATCCGAATGAG-1,fibrotic
CTGGCGACATAAGTCC-1,paratumour
CTGGCGCACAGGTCTG-1,paratumour
CTGGCGGGAATAAGTA-1,paratumour
CTGGCTCCTGCGGGAT-1,paratumour
CTGGCTGCTAACGTAA-1,paratumour
CTGGCTGGTTGTCAGT-1,paratumour
CTGGGATAAATAATGG-1,tumour
CTGGGATACGCTACCC-1,tumour2
CTGGGATCGCCCAGAT-1,paratumour
CTGGGCCTGCTATATC-1,tumour
CTGGGCGGCCAAATGT-1,paratumour
CTGGGTAGGCAGTTAA-1,tumour
CTGGGTTGAGTTAAAG-1,paratumour
CTGGTAACACATAGAA-1,paratumour
CTGGTAACGAGCTCTT-1,tumour
CTGGTCATTCCAATCC-1,paratumour
CTGGTCCTAACTTGGC-1,paratumour
CTGGTGAATGGGCCTA-1,paratumour
CTGGTTCAACGCATCA-1,fibrotic
CTGGTTCGCGAGCTAC-1,paratumour
CTGGTTTCGAGCAAGA-1,paratumour
CTGTAGCCATCTCACT-1,tumour
CTGTATGGTGTAGAAA-1,paratumour
CTGTCAAATGGCTCGG-1,paratumour
CTGTCACGCCAGGCGC-1,paratumour
CTGTGGTCGGGAGATA-1,tumour
CTGTTACCCAATCTAG-1,tumour
CTGTTCACTGCCTGTG-1,tumour
CTGTTCATCTCACGGG-1,paratumour
CTTAAATAAGACCCAT-1,paratumour
CTTAACTTCGAAGTAC-1,paratumour
CTTAAGCAGCGAGCCG-1,paratumour
CTTACACGGTATTCCA-1,tumour
CTTACACTGGGAAATA-1,tumour
CTTAGCCTTCCACATG-1,tumour
CTTAGGTATAGACCAG-1,paratumour
CTTAGTAGGCCTACAG-1,paratumour
CTTAGTTGAGGAATCG-1,paratumour
CTTATGTTGACTACCA-1,tumour
CTTCAACTCCACTTGG-1,tumour
CTTCAGTGGTCGCCTA-1,necrotic
CTTCATAGCTCAAGAA-1,tumour
CTTCATTGTCAGTGGA-1,tumour
CTTCCGCTCCGTGAAG-1,tumour
CTTCGTAGATAGGTGA-1,tumour
CTTCTATGTTGAAGTA-1,tumour
CTTCTATTAATGCTAG-1,tumour
CTTCTGGGCGTACCTA-1,paratumour
CTTCTTACGTCGTATA-1,paratumour
CTTGACCCGAAAGATA-1,tumour
CTTGAGGTTATCCCGA-1,tumour
CTTGCAACCGCCTCCT-1,paratumour
CTTGCCCAGGCTCTAC-1,tumour
CTTGGCCAAGCTGGGA-1,tumour
CTTGTACTTGTTGACT-1,fibrotic
CTTGTCAACATTCGAG-1,fibrotic
CTTGTCGTACGTGTCA-1,paratumour
CTTGTGAGTCTTTGAC-1,tumour
CTTGTGCTCACCGATT-1,tumour
CTTGTTGCTGAGTCAA-1,tumour
CTTGTTTATGTAGCCA-1,paratumour
CTTTAACTTTCAAAGG-1,tumour
CTTTAATATTGGTCGA-1,fibrotic
CTTTACCGAATAGTAG-1,paratumour
CTTTAGGAACACTGTT-1,tumour
CTTTAGTGCTATTATT-1,tumour
CTTTCTGTGCGGGCTT-1,fibrotic
CTTTGACGTCGCTTCT-1,paratumour
CTTTGCTGTCATGGAT-1,paratumour
CTTTGGCGCTTTATAC-1,paratumour
CTTTGGCTTTAGTAAA-1,tumour
CTTTGTCGAATGCTCC-1,paratumour
GAAACAGATGACCACC-1,paratumour
GAAACAGCCATGCAGT-1,paratumour
GAAACATAGGAAACAG-1,necrotic
GAAACCATGGTGCGCT-1,tumour
GAAACCGAATTACCTT-1,tumour
GAAACTCGTGCGATGC-1,paratumour
GAAACTCTAATGAAGG-1,paratumour
GAAAGAACAGCGTTAT-1,necrotic
GAAAGTGACTAACTGC-1,paratumour
GAAATACCTGCTGGCT-1,paratumour
GAAATACTAAACGTTT-1,paratumour
GAAATATCACCATCAG-1,tumour
GAAATATGCTTGAATG-1,tumour
GAAATCGCGCGCAACT-1,tumour
GAAATGGCGGTGTTAG-1,tumour
GAAATGGGATGTAAAC-1,paratumour
GAAATTAGCACGGATA-1,tumour
GAAATTCACATCGCTG-1,necrotic
GAACACACATCAACCA-1,tumour
GAACAGATTACTAAAT-1,paratumour
GAACCATCTGGGAGAC-1,tumour
GAACCCTCTGTGTTCT-1,tumour
GAACGACCGAATGATA-1,tumour
GAACGCGGGTCACACG-1,tumour2
GAACGTCTCATGGTCG-1,tumour
GAACGTTAGGAAGACG-1,paratumour
GAAGAAACGATATTGT-1,necrotic
GAAGAACGGTGCAGGT-1,tumour
GAAGACTTCAATGCCG-1,paratumour
GAAGCAAGGCAATGTT-1,paratumour
GAAGCCACTGATTATG-1,tumour
GAAGCCTGCACATTCC-1,tumour
GAAGCGTGAGGAATTT-1,tumour
GAAGCTCGGACCCGTC-1,necrotic
GAAGCTTGCTGACCGC-1,fibrotic
GAAGTCAGTTGCACTA-1,fibrotic
GAAGTCTCCCTAGCGA-1,paratumour
GAAGTGCTGGATAGCT-1,paratumour
GAAGTTTCCACTCAAT-1,tumour
GAATAGACGCGACCCA-1,paratumour
GAATAGCATTTAGGGT-1,tumour2
GAATAGCCCTGCGGTC-1,tumour
GAATAGTGCTCGATTA-1,fibrotic
GAATATTCGGAGTCCC-1,paratumour
GAATCGACATGGTCAC-1,tumour
GAATCGCCGGACACGG-1,necrotic
GAATCTATACTCGGAC-1,paratumour
GAATCTGAACATTCTC-1,fibrotic
GAATGCCGAAATGACC-1,paratumour
GAATGCGAATCGGTTC-1,tumour
GAATGTATGGCAGGTC-1,fibrotic
GAATGTGGTCCGGATT-1,tumour
GAATGTTGGGTAATCT-1,tumour
GAATTATAGTGAAAGG-1,tumour
GAATTCACCCGGGTGT-1,tumour
GAATTTCTCGCTGCAG-1,paratumour
GACAACGACCATTGAA-1,tumour
GACAACGCAGCTTACG-1,fibrotic
GACACAAGGGAAGAAA-1,tumour
GACACGAGTTAGAGGA-1,paratumour
GACAGCCAGACCTGAC-1,tumour
GACATCCGTCGAACTG-1,tumour
GACATCGATTTATAAC-1,fibrotic
GACCAGAGCCCTGTAG-1,tumour
GACCAGGTCATTCATA-1,paratumour
GACCCAATTATGATAC-1,necrotic
GACCCGTCGCCGGCTA-1,tumour
GACCGACGTGAAAGCA-1,necrotic
GACCGACTGAAGCGTC-1,paratumour
GACCGCGTCTGACGTG-1,paratumour
GACCGTCAGGTCGTGA-1,paratumour
GACCGTGCTGACGGTG-1,tumour
GACCTTCCACGTCTAC-1,tumour
GACGACGATCCGCGTT-1,fibrotic
GACGCATACCCGTCGG-1,paratumour
GACGCCGTAAAGGCTA-1,paratumour
GACGCCTGTTGCAGGG-1,tumour
GACGCTTGCTTCTAAA-1,tumour
GACGGACCGCGTTCCT-1,tumour
GACGGTCAATAGAAGC-1,tumour
GACGGTCCTAGGGTGT-1,paratumour
GACGTGAGACTCCATG-1,tumour
GACGTGTAGGGATTAT-1,fibrotic
GACGTTCGTAAATACA-1,tumour
GACTAACACAGCACCT-1,paratumour
GACTAAGATCATGCAC-1,tumour
GACTAAGTAGGCTCAC-1,tumour
GACTACAAAGCGGTGG-1,fibrotic
GACTACAATTGCTCGT-1,paratumour
GACTCACCCACGTGAG-1,necrotic
GACTCCCAGAATAAGG-1,tumour
GACTCCTTCCAATTGA-1,paratumour
GACTCGCGGGAATGAC-1,tumour
GACTGCAAATCGAGCT-1,tumour
GACTGCACCAGCCCAG-1,fibrotic
GACTGCGGCACGTGTA-1,paratumour
GACTGCTGGTGAGAAA-1,paratumour
GACTGGGCGCCGCAAC-1,paratumour
GAGACTGATGGGTAGA-1,tumour
GAGACTTCGCGACCGA-1,paratumour
GAGAGGGCGCGAGGTT-1,tumour
GAGAGGTGCATTCTGG-1,tumour
GAGATCTGCTTGGCAT-1,tumour
GAGATCTGTCACTCCG-1,tumour
GAGATCTTCCATGACA-1,fibrotic
GAGATGGGAGTCGACA-1,fibrotic
GAGCACGGCGCCTCTT-1,tumour2
GAGCATCAACAACTTG-1,fibrotic
GAGCATCATCCCTGGG-1,necrotic
GAGCCACGGTAGTAGG-1,necrotic
GAGCCAGCTACCTGTG-1,tumour
GAGCGAGGGAGTACCG-1,tumour
GAGCGCTGTTAGGTAA-1,fibrotic
GAGCTAAGGGCATATC-1,tumour
GAGCTCTCGGACCTAA-1,tumour
GAGCTGTCGTCTCGGA-1,tumour
GAGGAATGGAGAGGTT-1,paratumour
GAGGAGATCCTCATGC-1,paratumour
GAGGAGTAATTCCTAC-1,paratumour
GAGGATAAACAGTGCT-1,necrotic
GAGGCCCGACTCCGCA-1,necrotic
GAGGGAGTCAGATCGC-1,paratumour
GAGGGCATCGCGTATC-1,tumour
GAGGGCGCAGCTCTGC-1,paratumour
GAGGGTAGTAACAAAG-1,fibrotic
GAGGTACATCCATCTT-1,paratumour
GAGGTCCCAAAGATCT-1,paratumour
GAGTAAACCGGAAAGT-1,paratumour
GAGTAAGGCCACGGGA-1,paratumour
GAGTACGGGTATACAA-1,necrotic
GAGTAGATACTAGTTG-1,tumour
GAGTATGCCCGCCTTG-1,tumour
GAGTATGCGCGTGCAT-1,tumour
GAGTCAGACCAGAATC-1,tumour
GAGTCCGCTTACCGGA-1,tumour
GAGTGTGCGGTACCCA-1,paratumour
GAGTTCTGTGGGTGCT-1,paratumour
GAGTTGATGGCAATTT-1,fibrotic
GATAAATCGGTGGATG-1,tumour
GATAACTCGCACTGTG-1,paratumour
GATAAGGCAGATGCAA-1,tumour
GATACCGTGTCGGAGT-1,paratumour
GATAGGATTAATTACA-1,paratumour
GATAGGTAACGTTGAC-1,tumour
GATAGGTGTCCCGGGC-1,paratumour
GATATCTCATGCAATA-1,tumour
GATATGAGACACTAAC-1,tumour
GATATGCGGTAGCCAA-1,tumour
GATATGGATTACGCGG-1,paratumour
GATATTGAGATTGGCG-1,tumour2
GATATTTCCTACATGG-1,fibrotic
GATCAACATAAAGGGA-1,fibrotic
GATCATTCCAAACATT-1,tumour
GATCCCTTTATACTGC-1,tumour
GATCCGAATATAAGTG-1,paratumour
GATCCGGGAATTAACA-1,tumour
GATCCTAAATCGGGAC-1,tumour
GATCCTCGACACTGGC-1,tumour
GATCCTCTTGCGCTTA-1,paratumour
GATCGACACTATCTGA-1,tumour
GATCGCGGGCTCTCCA-1,tumour
GATCGCTACCCGATTT-1,paratumour
GATCGCTATATCTCAG-1,necrotic
GATCGGCGATAAGTCG-1,paratumour
GATCGGTGGCCATAAC-1,tumour
GATCGTGACTGATATC-1,tumour
GATCTCGACGCTGTGG-1,paratumour
GATCTTGGAGGGCATA-1,tumour
GATCTTTGCAGGGTAT-1,tumour
GATGACAAGTAGGGCA-1,necrotic
GATGACGATGATCGCG-1,tumour
GATGATTTGAAACTGG-1,paratumour
GATGCCACACTACAGC-1,paratumour
GATGCCAGCAGAAGGC-1,paratumour
GATGCCTTCTGCGGCA-1,fibrotic
GATGCGAATGGTATTA-1,paratumour
GATGCGTCCTGCATTC-1,tumour
GATGCTACAAGCGCCT-1,paratumour
GATGCTGTATTTCATC-1,tumour
GATGGCGCACACATTA-1,paratumour
GATGGTGCCCTAGGCA-1,paratumour
GATGTAACGAACCACC-1,fibrotic
GATGTCCGGATCACAT-1,fibrotic
GATGTCGGTCAACTGC-1,paratumour
GATGTGTTGTCACAAG-1,paratumour
GATGTTTGTGCGAGAT-1,paratumour
GATTAATCCTGGCTCA-1,paratumour
GATTCCCTTGTCGCAG-1,tumour
GATTCCGCGTTTCCGT-1,paratumour
GATTCCTATACGGCGC-1,paratumour
GATTCGACGGTTCACG-1,tumour
GATTGACACTCTGCTC-1,paratumour
GATTGCTCCAGTTGCA-1,fibrotic
GCAAACCCTACATTAT-1,paratumour
GCAAACGTCGCCAGGT-1,tumour2
GCAAATATTACGCTTT-1,tumour
GCAAATGAGGACACTT-1,paratumour
GCAACACACTAGAACT-1,paratumour
GCAACAGCAGTATGCG-1,tumour2
GCAACCACCAGACCGG-1,fibrotic
GCAACCACGGCCGCGT-1,tumour
GCAACGGCTAGTTATG-1,necrotic
GCAAGTGCACAGAGAA-1,fibrotic
GCAATTAGTCGCACCG-1,paratumour
GCACAAACCCTAGATG-1,paratumour
GCACAAACGAGGCGTG-1,tumour2
GCACAACCTCGGGCGT-1,paratumour
GCACAAGTGTCGGAAG-1,paratumour
GCACACGCCCATGGTC-1,paratumour
GCACGCCTACTTAGAT-1,fibrotic
GCACTAGTCGCGCTAT-1,necrotic
GCACTCCCACAGTCCC-1,paratumour
GCACTGCCTACCTTTA-1,tumour
GCACTGTGCAAATGTA-1,tumour
GCAGAAGGTAATCTCC-1,tumour
GCAGACCCAGCACGTA-1,tumour2
GCAGATCCTCGCAAAT-1,paratumour
GCAGATTAGGGATATC-1,fibrotic
GCAGCACACAGCCCAG-1,tumour
GCAGCCTATATCACAT-1,necrotic
GCAGCGGTGGGCATTA-1,tumour
GCAGGAACTTAGATCT-1,fibrotic
GCAGGACTATAGAATA-1,tumour
GCAGGTAGAGTATGGT-1,tumour
GCAGTGTGGCTATAGG-1,tumour
GCATAGAGCACTCAGG-1,tumour
GCATCCCTAACTTTGA-1,necrotic
GCATGAGGGACGCGGC-1,paratumour
GCATGGGTACTGACGC-1,paratumour
GCATTCAAGGCAACGC-1,tumour
GCATTCGAAATGAACA-1,paratumour
GCATTGACTTGCGGAA-1,paratumour
GCATTTCCAAGGCTCC-1,tumour2
GCCAACCATTTCCGGA-1,tumour
GCCAATAGGGCATCTC-1,tumour
GCCACAATTTAAGGAC-1,tumour
GCCACTCCTTACGGTA-1,tumour
GCCAGGAGTAACCGAT-1,tumour
GCCAGGCGTTCGCATG-1,paratumour
GCCATATTGCACACAG-1,tumour
GCCATCGAGCTGCGTG-1,fibrotic
GCCATCGATGCTGCAT-1,paratumour
GCCATTAGCCTCAAAC-1,fibrotic
GCCCACCAAGGCTGTC-1,tumour
GCCCAGATGCTGGAGA-1,paratumour
GCCCAGTTGGTATGCC-1,paratumour
GCCCATGGGTGCAATG-1,paratumour
GCCCGACTTCTTCCCG-1,fibrotic
GCCCGATCTGTGGTCG-1,fibrotic
GCCCGCGCGTTTGACA-1,paratumour
GCCCGTAATACCTTCT-1,tumour
GCCCTAGCCGTCGCGA-1,fibrotic
GCCGAAATTCCTACGT-1,tumour
GCCGACCCACGACTGC-1,fibrotic
GCCGATTGGCCAAGCT-1,fibrotic
GCCGCACTCCGTTTCA-1,tumour2
GCCGCATTAGTCCGGC-1,paratumour
GCCGCTTGTGAGAAAC-1,tumour
GCCGGAAACACATCTT-1,tumour
GCCGGGTTAGGGTCGC-1,tumour
GCCGGTTTGGGCGGAT-1,paratumour
GCCGTGGAAGAAATGT-1,necrotic
GCCTAGCGATCTGACC-1,paratumour
GCCTATAGTGTCAGGG-1,paratumour
GCCTATGCTGGGCCTT-1,tumour
GCCTATTTGCTACACA-1,tumour
GCCTCTATACATAGCA-1,tumour
GCCTTCAGCCCTACCG-1,tumour
GCCTTGTATATGCAGT-1,paratumour
GCCTTTGTCAGTGGAC-1,paratumour
GCGAAACGATCGGGAG-1,fibrotic
GCGAAACTTAACTGGA-1,fibrotic
GCGAAGCCATACCCGT-1,tumour
GCGACATGTAAACATC-1,necrotic
GCGACCCAACCATCTG-1,fibrotic
GCGACGATAGTTGTAC-1,tumour
GCGAGAAACGGGAGTT-1,paratumour
GCGAGAGGCCATGTAA-1,tumour
GCGAGAGTTGCGTCCA-1,tumour2
GCGAGCGCATGCTCCC-1,necrotic
GCGAGGCCCGAGCAGA-1,tumour
GCGAGTTCTGCAAAGA-1,tumour
GCGATTCTGGAAGCAG-1,paratumour
GCGATTGTTAACGTTA-1,tumour
GCGCAAATATATTCAA-1,necrotic
GCGCAAGAGCGCGCTG-1,tumour2
GCGCATCCAGTCAGCA-1,tumour
GCGCCGTTCCACGATA-1,fibrotic
GCGCCTCCCACTCCGA-1,paratumour
GCGCGATGGGTCAAGT-1,paratumour
GCGCTAAGTATGCATG-1,paratumour
GCGCTAATTGAATAGA-1,tumour
GCGCTCGATCACCTGT-1,paratumour
GCGCTGATCCAGACTC-1,paratumour
GCGCTGCTTTGCATTT-1,tumour
GCGGACCGCGTTGTGG-1,tumour
GCGGAGAAACTTCGCA-1,fibrotic
GCGGCAAAGTATTGCC-1,necrotic
GCGGCTCTGACGTACC-1,tumour
GCGGGAACCAGGCCCT-1,paratumour
GCGGGCATTACGATGC-1,paratumour
GCGGGCGAGCCTTACC-1,paratumour
GCGGTAACCCAAATGA-1,paratumour
GCGGTCCCTAGACGCA-1,necrotic
GCGGTGAACTGCGCTC-1,tumour
GCGGTTCCCTATCATG-1,tumour
GCGTAAATGGCCATAA-1,tumour2
GCGTCCAGCTCGTGGC-1,paratumour
GCGTCCCTAAGACATA-1,paratumour
GCGTCGAAATGTCGGT-1,tumour
GCGTCGCCAGGGTGAT-1,fibrotic
GCGTGTATGTCGTATT-1,paratumour
GCGTTCGGAGACCGGG-1,tumour
GCTAAACCTGAGGTGA-1,paratumour
GCTAAGTAAAGGCGAT-1,paratumour
GCTAAGTAGTTTCTCT-1,tumour
GCTAATACCGAATGCC-1,paratumour
GCTACGACTTATTGGG-1,tumour
GCTAGACCGTCTACTG-1,tumour2
GCTAGCACCTGGGCCA-1,tumour2
GCTAGCAGGGAGTGGG-1,tumour
GCTAGCGATAGGTCTT-1,paratumour
GCTAGCTTGAATAGCT-1,fibrotic
GCTAGTAGAGCTTGTA-1,fibrotic
GCTAGTTTCATTGAGG-1,tumour
GCTATCATACTCATGG-1,tumour
GCTATCGCGGCGCAAC-1,paratumour
GCTATGCCAGCTTATG-1,paratumour
GCTCAATCCGTTTATT-1,fibrotic
GCTCAATGTAATACCG-1,tumour
GCTCATTACTGCATGT-1,fibrotic
GCTCCCAGTCGGTCCA-1,tumour2
GCTCCGCTCGCTTCAG-1,necrotic
GCTCCTGACATACTGG-1,necrotic
GCTCGCGGTTCCGCTC-1,paratumour
GCTCGCTCATGTCCAA-1,tumour2
GCTCGGAATTTAAAGC-1,paratumour
GCTCTAAACCCTGACG-1,tumour
GCTCTATGTTACGTGC-1,fibrotic
GCTCTCGGGTACCGAA-1,tumour
GCTGAACTCTCCAGGG-1,tumour2
GCTGAATCTTCCAATC-1,necrotic
GCTGAGGCGTGAGTAT-1,fibrotic
GCTGCACGGTTTCTTA-1,tumour
GCTGCTCTCCGGACAC-1,tumour
GCTGGCATATTCACCT-1,tumour
GCTGGCGGCGCATGCT-1,fibrotic
GCTGGTTTAGGCCATA-1,fibrotic
GCTGTATTACTGGCCC-1,tumour
GCTGTTGCTACCGAAC-1,paratumour
GCTTAATGTAACTAAC-1,tumour
GCTTACGTAGTTAGTA-1,necrotic
GCTTATGAAGCAGGAA-1,paratumour
GCTTCCAGCTTAGATT-1,paratumour
GCTTCCGTCCCTAGAC-1,tumour
GCTTGATGATAATCAG-1,paratumour
GCTTGCAGCACAATTG-1,tumour
GCTTGGATCGATTAGG-1,paratumour
GCTTTCAGAGGAGGTG-1,tumour2
GGAAACCTTGTTGAAT-1,tumour
GGAAAGTGCCCATGCC-1,tumour
GGAACCCGAACAAGAA-1,paratumour
GGAACCGTGTAAATTG-1,tumour
GGAACCTTGACTCTGC-1,necrotic
GGAACGGCCTGCAGCC-1,paratumour
GGAAGCTCGCTTACAG-1,paratumour
GGAATAACCTCAAGAA-1,tumour
GGAATGCGCTAGCGTG-1,tumour
GGACACAAGTTTACAC-1,tumour2
GGACCAACAGGATAAC-1,fibrotic
GGACCTCTAGGCCGCC-1,necrotic
GGACTCACAAATTAGG-1,tumour
GGACTCGTGAGTGGTC-1,paratumour
GGAGAAGTCATTGGCA-1,fibrotic
GGAGACGACACCTTTG-1,fibrotic
GGAGCACCAAGAACTA-1,tumour
GGAGCGAGGCCTACTT-1,tumour
GGAGGATTGAAAGGAG-1,paratumour
GGAGGCCGAAGTCGTC-1,necrotic
GGAGGGCTTGGTTGGC-1,tumour
GGAGTGCCGCCCTGGA-1,fibrotic
GGATACTCATGAATTG-1,necrotic
GGATCAAAGGACGAGG-1,tumour
GGATCAGAGCCATCAG-1,paratumour
GGATCATCCCGTACGC-1,tumour
GGATCCGGAATATACT-1,tumour
GGATCTTACTGCCCTT-1,paratumour
GGATCTTGACTCAACC-1,fibrotic
GGATGAAGATCGCTGA-1,paratumour
GGATGACGCGAGTTTA-1,tumour
GGATGTCCTTACCGCA-1,paratumour
GGATTAAGCTAAGGTC-1,paratumour
GGATTCAGTACGGTGG-1,paratumour
GGATTCCGCTATACCC-1,paratumour
GGCAAAGGCGCCAATA-1,fibrotic
GGCAAATTACTTTACT-1,tumour
GGCAATAGTCAATGAG-1,tumour
GGCACTCCACTGGGCA-1,tumour
GGCAGCAAACCTATGC-1,fibrotic
GGCAGCGGTAATCCTA-1,tumour
GGCATATCGGTTCTGC-1,paratumour
GGCATCAACGAGCACG-1,fibrotic
GGCCACAAGCGATGGC-1,fibrotic
GGCCCGGAGCATGTCT-1,paratumour
GGCCCGTATACCATGC-1,tumour
GGCCGAGACTCTGGTG-1,fibrotic
GGCCTTTGCAACTGGC-1,paratumour
GGCGAAATCTAACTTG-1,paratumour
GGCGCGGAGATCTTTC-1,tumour
GGCGCGTTCGAGTTTA-1,tumour
GGCGCTCCTCATCAAT-1,paratumour
GGCGCTTCATTCCCTG-1,tumour
GGCGGAGTAATATTAG-1,tumour
GGCGGTAGGATCATTG-1,tumour
GGCGGTTTGCCGGTGC-1,paratumour
GGCGTACCCTATATAA-1,paratumour
GGCGTCCTATCCGCTG-1,tumour
GGCTAAAGGGCGGGTC-1,tumour
GGCTACTATACACTCC-1,paratumour
GGCTATTAAGTTGTAT-1,tumour
GGCTCCTCCACCTGTT-1,fibrotic
GGCTCGCGTTGAGGTA-1,paratumour
GGCTCGTGCCACCAGC-1,paratumour
GGCTCTGCTCCAACGC-1,tumour
GGCTGGCTAGCTTAAA-1,tumour
GGCTTTCAATAAGGGT-1,tumour
GGGAACCACCTGTTTC-1,paratumour
GGGAACGGTTTCAGAT-1,fibrotic
GGGACAGAGTTACTCC-1,necrotic
GGGACTGCATAGATAG-1,tumour
GGGAGAACTCACAGTA-1,tumour
GGGAGGATGCCCGAAA-1,tumour
GGGAGTAATGGCTGGC-1,necrotic
GGGAGTTAATGAGGCG-1,tumour
GGGATTTACCGCACCT-1,paratumour
GGGCAACCGCACGTGC-1,necrotic
GGGCACTATTGACCAT-1,paratumour
GGGCAGACGTCACTGC-1,paratumour
GGGCAGAGCAATCGTT-1,tumour
GGGCCGGCCGAAGTAC-1,tumour
GGGCGATATGTGTGAA-1,tumour
GGGCGCAGCGTTACTC-1,paratumour
GGGCGGCAAATGAATT-1,tumour
GGGCGGTCCTATTGTC-1,tumour
GGGCGTACATTTATAT-1,tumour
GGGCGTCACCACGTAA-1,tumour
GGGCGTCCACTGGCTC-1,paratumour
GGGCGTTTACATTCAT-1,paratumour
GGGCTACTATTTCGTG-1,paratumour
GGGCTCATCGAACCCA-1,paratumour
GGGCTGCCTAGGGCGA-1,tumour
GGGCTGGTTAGTCGCG-1,tumour
GGGTAATGCTGTGTTT-1,paratumour
GGGTACCCACGGTCCT-1,tumour
GGGTACTTCATGAACT-1,tumour
GGGTATGTATGCACTT-1,paratumour
GGGTATTCTAGCAAAC-1,fibrotic
GGGTCACCGTGACGGT-1,tumour
GGGTCATGCGTACCAT-1,paratumour
GGGTCGTGGCAAGTGT-1,tumour
GGGTGACACCTTAACT-1,tumour
GGGTGCATATGAAAGC-1,tumour
GGGTGGTCCAGCCTGT-1,paratumour
GGGTGTTTCAGCTATG-1,paratumour
GGGTTAACATTTGAGT-1,paratumour
GGGTTCAGACGAACAA-1,paratumour
GGGTTTAGGATAGGAT-1,tumour2
GGTAAATGTGCGTTAC-1,paratumour
GGTAACCGGGAGGATA-1,necrotic
GGTAACTATGTATCTG-1,necrotic
GGTACAAACATGCTAT-1,tumour
GGTACACCAGATTTAT-1,tumour
GGTACCATTAAGACGG-1,tumour
GGTACTAAGTGCTTTG-1,tumour
GGTAGACCGTTGGGCG-1,tumour
GGTAGTGCTCGCACCA-1,tumour
GGTATAGTGACACATA-1,tumour2
GGTATTGCCGAGTTTA-1,tumour
GGTCAAGACTACTTCG-1,fibrotic
GGTCACGTTAGATTCA-1,fibrotic
GGTCAGTGGGTCCCAC-1,tumour
GGTCCTTCATACGACT-1,paratumour
GGTCGGATAAACGGCG-1,tumour
GGTCGGCCAGGAGCTT-1,tumour
GGTCGGTAATTAGACA-1,tumour
GGTCGTAAGCTCGCAC-1,fibrotic
GGTCTCCAAGTAGTGC-1,paratumour
GGTCTCTGAATGGACT-1,fibrotic
GGTCTGAGAATCTGGA-1,tumour
GGTCTTGAGCGCTCTT-1,tumour
GGTGAAACCGGGAATG-1,fibrotic
GGTGAACGGGCTAGCC-1,tumour
GGTGAAGTACAGGGAT-1,tumour
GGTGAGATGCAGATAA-1,tumour
GGTGATAAGGAGCAGT-1,tumour
GGTGATTTCATCTTGT-1,fibrotic
GGTGCGGATAAGTGGC-1,tumour
GGTGCTGATCACAAAG-1,paratumour
GGTGGACTGCTCTGGC-1,tumour
GGTGGAGGTTGATACG-1,tumour2
GGTGTTCTGTTTCTAC-1,paratumour
GGTGTTGGGCGTCTTA-1,paratumour
GGTTACCACCCTCGGG-1,tumour
GGTTACCCGACACTTT-1,paratumour
GGTTAGCTATATGTCT-1,paratumour
GGTTAGGCTTGGAGAA-1,tumour
GGTTCTACTCGTCTGA-1,necrotic
GGTTGTATCGTGAAAT-1,paratumour
GGTTGTGCTCTTGTCC-1,paratumour
GGTTTAATTACCATCG-1,tumour
GGTTTAATTGAGCAGG-1,tumour
GGTTTACAATCTCAAT-1,tumour
GGTTTAGCCTTTCTTG-1,paratumour
GGTTTCAATCGGTCAG-1,paratumour
GGTTTGAGTGCTGGAA-1,necrotic
GTAACTTGCGGCAGTC-1,necrotic
GTAAGCGGGCAGTCAG-1,tumour
GTAAGGATTTGTCGGA-1,paratumour
GTAAGTAACAGTCTGG-1,tumour
GTAAGTAGGGTATACC-1,fibrotic
GTAAGTCCACACTCTA-1,tumour2
GTAATAAAGGGCTCCC-1,tumour
GTAATCTGATTCTTCG-1,tumour
GTACACTTACCTGAAG-1,tumour
GTACAGAGGCAAGGGT-1,tumour
GTACGACGGCGCTGCG-1,tumour
GTACGAGATTGCGACA-1,tumour
GTACGCTTCATTGCAC-1,fibrotic
GTACGTTTGCCCGTCA-1,fibrotic
GTACTAAGATTTGGAG-1,tumour
GTACTCCTGGGTATGC-1,tumour
GTACTGAGGTCGTAAC-1,necrotic
GTACTGCATGAAGCGT-1,necrotic
GTACTGGAGTTAGACC-1,tumour
GTACTTGGGCACTTCT-1,tumour
GTAGAAACGGGTGGAG-1,paratumour
GTAGACAACCGATGAA-1,tumour
GTAGACACGCCTGACT-1,tumour
GTAGACGTCGTTACAT-1,tumour
GTAGAGGGAGACAAGT-1,fibrotic
GTAGCCAAACATGGGA-1,fibrotic
GTAGCGCTGTTGTAGT-1,tumour
GTAGCTAGTAAGCGCG-1,paratumour
GTAGCTCCGGGAGGCT-1,paratumour
GTAGCTTCCTCTTGTT-1,tumour
GTAGGTGATCCGTGTA-1,paratumour
GTAGTCGCGGGAATCA-1,paratumour
GTAGTTCGAAGGCGAA-1,paratumour
GTATAATCTCCCGGAT-1,paratumour
GTATAGGACTCAGTAG-1,tumour
GTATATGTTACGGCGG-1,paratumour
GTATCAAACGTTAGCT-1,fibrotic
GTATCAGCTTGGGTTC-1,paratumour
GTATCTCAGTCTTGAC-1,necrotic
GTATCTCCCTAACTGT-1,paratumour
GTATCTTGTTGCTCAC-1,paratumour
GTATCTTTCATAACCA-1,fibrotic
GTATGAAATTTCACTC-1,necrotic
GTATGACGTGGGAAAC-1,tumour
GTATGTGGGTCTAGTT-1,paratumour
GTATTAAGGCGTCTAA-1,paratumour
GTATTCTGAGAAACGA-1,tumour
GTATTCTTACCGTGCT-1,paratumour
GTATTTAATGGCATAA-1,tumour
GTCAAAGAAGTGGTGT-1,necrotic
GTCAAAGTTTACATAG-1,tumour
GTCAAGCGGACTCGGG-1,tumour
GTCAATTGTACTGAAG-1,fibrotic
GTCACAAAGTTTCCAA-1,tumour
GTCACTCTCCAAATCT-1,paratumour
GTCAGAATAGTCTATG-1,fibrotic
GTCAGTTGTGCTCGTT-1,paratumour
GTCATCTCCTACAGCT-1,paratumour
GTCATGCACCTCCGTT-1,tumour
GTCATGGACATGACTA-1,tumour
GTCATTAGAGCGAACG-1,tumour
GTCATTGCATTGACCC-1,paratumour
GTCCATTACTGCTACG-1,tumour2
GTCCCAACGTAAAGTA-1,tumour
GTCCCAATCATCCCGC-1,paratumour
GTCCCGCGACGTTATG-1,tumour
GTCCGGACCTGAAATT-1,tumour
GTCCGGCTGAATTGCG-1,tumour
GTCCTACAGGCGGCTC-1,paratumour
GTCCTTCTAGTGGGTT-1,paratumour
GTCGATAGGTGACTTT-1,tumour
GTCGCCGTTGTGTGTT-1,tumour
GTCGCGTAACCCGTTG-1,tumour
GTCGGATATCTCAGAC-1,tumour
GTCGGATGTAGCGCGC-1,paratumour
GTCGGGAACATGGTAG-1,paratumour
GTCGGGAAGCAGAAAC-1,tumour
GTCGTACCATCTCGGG-1,tumour
GTCGTACCTACGATTG-1,paratumour
GTCGTATTGGCGTACA-1,tumour
GTCGTCAATTATAAGG-1,necrotic
GTCGTCTGGTTGGCTA-1,paratumour
GTCGTGTCTGGTCATC-1,tumour
GTCGTTATTCGCTTAT-1,fibrotic
GTCTATTGGTTCCGGT-1,paratumour
GTCTCAAGGCCCGGCT-1,tumour
GTCTCCTGCCAGTATG-1,fibrotic
GTCTCGATCTGCTTTC-1,paratumour
GTCTCGCCAACACGCC-1,paratumour
GTCTTAGTACAGCCGG-1,paratumour
GTCTTGAGGAGCAGTG-1,necrotic
GTCTTGTAGCTATTCA-1,necrotic
GTGAAACGGCGCCACC-1,paratumour
GTGAAACGTGCTCCAC-1,tumour
GTGAACTCCCATTCGA-1,tumour
GTGAAGATTTCAAGTG-1,tumour
GTGAAGCCGTATAGTC-1,tumour
GTGAAGTCACGACTCG-1,paratumour
GTGACAGCTTCCCACT-1,tumour
GTGACCGCACACTACG-1,paratumour
GTGACGAGGGTGACCC-1,tumour2
GTGACTTCAGTAGTGC-1,tumour
GTGAGCGTGCTGCACT-1,tumour
GTGAGGACACTTAAGG-1,tumour
GTGAGGAGCGGTTGAG-1,paratumour
GTGAGTCTAAGACGGA-1,paratumour
GTGAGTGGTACAACGC-1,fibrotic
GTGATCAAGCGTGCAC-1,paratumour
GTGATCATAGATCTGC-1,tumour
GTGATGCACAACATCT-1,fibrotic
GTGATTCGCCGCTCAA-1,tumour
GTGCAACAAATGTGGC-1,paratumour
GTGCACGAAAGTGACT-1,tumour
GTGCAGCGTAGAGTAG-1,tumour
GTGCCCGTTCGGATTC-1,tumour
GTGCCTAGCTATGCTT-1,paratumour
GTGCCTCAGTGTACGG-1,fibrotic
GTGCGACAGGGAGTGT-1,tumour2
GTGCGCAGCTTGCTCC-1,paratumour
GTGCGCTTACAAATGA-1,paratumour
GTGCGGGACCATCGGC-1,fibrotic
GTGCGGGTCTCCAAAT-1,fibrotic
GTGCGTGTATATGAGC-1,tumour
GTGCTCAAGTACTGTC-1,tumour
GTGCTGCAGATAAGGA-1,paratumour
GTGCTTACATCAGCGC-1,tumour2
GTGGAACCTACATGCG-1,paratumour
GTGGACCAACCCGATT-1,tumour
GTGGACGTGCTGAGAC-1,tumour
GTGGAGCATGTCGGCC-1,paratumour
GTGGAGCGTTTACCGA-1,fibrotic
GTGGAGTCGGCGGTTG-1,fibrotic
GTGGCAAACAGCGGCA-1,fibrotic
GTGGCGGGCCGTAGCT-1,paratumour
GTGGGAAGACTGAATC-1,paratumour
GTGGGCTTAGACACAC-1,tumour
GTGGGTACTGAGCGTA-1,paratumour
GTGGTATAGTCTGCCG-1,tumour
GTGGTCAGCGAAGTAT-1,paratumour
GTGGTGGCCAAGTGAA-1,fibrotic
GTGGTTACTTCTTTCG-1,tumour
GTGGTTTCCGCCTTTC-1,tumour
GTGTACCTTGGCTACG-1,tumour
GTGTACGAACCGTTCC-1,paratumour
GTGTATATCAGCGGGC-1,tumour
GTGTATGACTTTAAAG-1,paratumour
GTGTCGTATAGCGTTC-1,tumour
GTGTGAATAACTTAGG-1,tumour
GTGTGAGCCGAGGTGC-1,paratumour
GTGTTACTATGCGTCC-1,tumour
GTTAAAGTAGGACTGG-1,paratumour
GTTAACATCACTTAAA-1,tumour
GTTAACTATGTTGTCA-1,necrotic
GTTAAGGGTGCGATGT-1,paratumour
GTTAAGTTAGAGTGGG-1,tumour2
GTTACAATTGGTGACG-1,tumour
GTTACCTACAACTTGC-1,fibrotic
GTTACGAAATCCACGC-1,paratumour
GTTACGGCCCGACTGC-1,paratumour
GTTAGAGTGTGCCGCT-1,paratumour
GTTAGCCGTAAATCAA-1,tumour
GTTAGGCTACCCGTTT-1,fibrotic
GTTATATCAGGAGCCA-1,tumour
GTTATATTATCTCCCT-1,tumour
GTTATCACCTTCTGAA-1,tumour
GTTATTAAATACGACC-1,paratumour
GTTATTAACGTGGGAG-1,paratumour
GTTCAATCTATGTCAA-1,paratumour
GTTCACAGGAGTCTAG-1,tumour
GTTCATCGTTTGGCTG-1,tumour2
GTTCCAAGACAGCGAC-1,paratumour
GTTCCAGTCTGACCAT-1,paratumour
GTTCGCCATAAGTGCC-1,tumour
GTTCGGATCGGGAACA-1,tumour2
GTTCGGGCGTACCATT-1,paratumour
GTTCGTTGCGGACCAG-1,paratumour
GTTCTTCCCTCGATGT-1,tumour
GTTGAGTCCCGCCGGT-1,tumour
GTTGCACGGAGTTTCG-1,tumour
GTTGCGCTAACATTAC-1,tumour2
GTTGCGGACGGTCAGG-1,tumour
GTTGGACCGCATCAGG-1,tumour
GTTGGATTCAGTGGCT-1,tumour
GTTGGATTGAGAACAC-1,tumour
GTTGGATTTGCGTTGG-1,tumour
GTTGTCGTGTTAGTTG-1,necrotic
GTTTACGTTCCATCTG-1,tumour
GTTTATGGGATTTAGA-1,paratumour
GTTTCCTGGAGGGTGA-1,tumour
GTTTCTGCAGTCTCCC-1,tumour
GTTTGACCAAATCCTA-1,tumour
GTTTGAGCGGTTATGT-1,paratumour
GTTTGGCCCAAGTTAT-1,tumour
GTTTGGCCGCTCAGCG-1,tumour
GTTTGGGCTTGTGAGC-1,fibrotic
GTTTGGTAGGGTCAAC-1,fibrotic
GTTTGGTGATCGGTGC-1,paratumour
GTTTGTTAGCCAAGTA-1,paratumour
TAAACCCAGGAGGGCA-1,fibrotic
TAAACGTCGTCAATGA-1,paratumour
TAAAGACAACCCTTTA-1,necrotic
TAAAGAGCCCGAAACC-1,necrotic
TAAAGCGTTAGGAGAA-1,tumour
TAAAGCTGCAATAGGG-1,tumour
TAAAGGAGAAACTAGT-1,paratumour
TAAATGAATCCGTTTC-1,paratumour
TAACAAAGGGAGAAGC-1,paratumour
TAACAATATTTGTTGC-1,paratumour
TAACAGCGTTTGTGCT-1,tumour
TAACATACAATGTGGG-1,tumour
TAACATACACGCGATC-1,necrotic
TAACCGCCCGCAGTGC-1,necrotic
TAACCTACCGTCCGAG-1,tumour2
TAACGCTTTGAGAGCG-1,paratumour
TAACTATTACGCCAAA-1,tumour
TAACTCCATGGAGGCT-1,paratumour
TAAGAGGGACAGGGAC-1,paratumour
TAAGATTTAGCGGGAG-1,paratumour
TAAGCGCGAATCAAAT-1,paratumour
TAAGGAACTTGTGGGA-1,tumour
TAAGGCAACATAAGAT-1,tumour
TAAGGCCCGTCACCCT-1,tumour
TAAGGCTGAATCCCTC-1,paratumour
TAAGGGCTGGGAGAGG-1,paratumour
TAAGTCGCCGAGTATC-1,fibrotic
TAATAAACAAGGAGAT-1,fibrotic
TAATACACAGTAGTAT-1,tumour
TAATAGGTCACCAGAA-1,fibrotic
TAATAGTGACGACCAG-1,tumour
TAATATTGAAATTCGC-1,tumour
TAATCAACCAAATGGG-1,tumour
TAATGAAAGACCCTTG-1,paratumour
TAATTAGATGGATATG-1,tumour
TAATTAGGACATCCGT-1,necrotic
TAATTGGAATCGGGAA-1,tumour
TACAAATTGCGGAGGT-1,paratumour
TACAAGCTGTTCACTG-1,paratumour
TACAAGTCTCGTGCAT-1,tumour
TACAATGAAACCAGCA-1,paratumour
TACACCGTCGTTAGTC-1,tumour
TACATAGGCATACACC-1,tumour
TACATCCCTATCCCTG-1,paratumour
TACATGCCGGAATTGT-1,tumour
TACATTTCTAACGTGC-1,tumour
TACCAAATAGCCCAGA-1,tumour
TACCAGAAGTAGGTTC-1,tumour
TACCAGCTAGGTTTAA-1,paratumour
TACCATGTATTGATTT-1,paratumour
TACCGCGGACTTGCAG-1,tumour2
TACCGGCTCACTGCCC-1,fibrotic
TACCGGTCGTTTCCAT-1,tumour
TACCGTAGGTTAACTA-1,tumour
TACCGTGCCTCGGACC-1,fibrotic
TACCTACTCCCAGTAT-1,tumour
TACCTCACGCTTGTAC-1,paratumour
TACCTCCACACCAATG-1,paratumour
TACCTGCTGCACTGTG-1,paratumour
TACCTTAAGATTTCCC-1,fibrotic
TACGAACACGACTTCA-1,tumour
TACGACGCTTGCTGCG-1,tumour
TACGACTGCCTCTTAG-1,fibrotic
TACGAGAACTTCACGT-1,tumour
TACGCCATATTCTAAT-1,tumour
TACGCCGAGGGTACCC-1,fibrotic
TACGCTATAGAAACCT-1,tumour2
TACGGGATGCTAGCAG-1,paratumour
TACGTACTAGTGCTGA-1,paratumour
TACGTGCACTATGCTG-1,paratumour
TACGTTTACCGGCAAT-1,tumour
TACTATGGTTCCTCAG-1,tumour
TACTCCTCTAGTTGAC-1,tumour
TACTCTCCGAACAAAT-1,paratumour
TACTGAACAGATTTAG-1,tumour
TACTGAGGGAAGAAAG-1,paratumour
TACTGCAATCAATTAC-1,tumour
TACTGTTTCTCTGGTA-1,tumour2
TACTTGTTAGTAGTCC-1,tumour
TACTTTCCGCACGCCA-1,paratumour
TAGAAACCACTAAGTA-1,paratumour
TAGAAAGGTGGCGCTA-1,tumour
TAGAATTAAGGGCAAC-1,paratumour
TAGACGAAACGCCAAT-1,tumour
TAGACGCCCGTACCGG-1,paratumour
TAGACTACCTAGCGTT-1,necrotic
TAGAGATCATGCAACT-1,tumour
TAGAGCTACGAAGAAC-1,necrotic
TAGAGGTTCTACTTGT-1,fibrotic
TAGAGTCTAAGCGAAC-1,tumour
TAGATATGGACTGGAA-1,tumour
TAGATCCGAAGTCGCA-1,paratumour
TAGATTCCTGGTTATT-1,paratumour
TAGCAACCTGTCACAA-1,paratumour
TAGCCATTTCAAAGTC-1,paratumour
TAGCCGGCGGTCAGCG-1,tumour
TAGCGTCCCTCGATTG-1,tumour2
TAGCGTCCGGTGTGGT-1,tumour
TAGCGTTGGGTCTTAC-1,tumour
TAGCTAAGTCCGGGAG-1,tumour
TAGCTAGAAGGCATGA-1,tumour
TAGCTCGCCTGATAAC-1,fibrotic
TAGGAACAGCCTCCAG-1,paratumour
TAGGCGATGAGGTCTC-1,fibrotic
TAGGCGGCTGCAAAGA-1,paratumour
TAGGGTGTTTCAAGAG-1,tumour
TAGGTCCAAGTAAGGA-1,paratumour
TAGGTCGCCGGAACTG-1,paratumour
TAGGTGAGCCCTACTC-1,fibrotic
TAGGTGCTCGCCTAGC-1,tumour
TAGGTGTTCCACAGAT-1,tumour
TAGGTTCGAGTTCGTC-1,tumour
TAGTACCACAACTTTC-1,paratumour
TAGTACCTTAGTGGTC-1,paratumour
TAGTAGCTTATACCAG-1,tumour
TAGTCCGCAGAGAATG-1,tumour
TAGTCCGTATGCATAA-1,paratumour
TAGTCTGTGACGTTGC-1,tumour
TAGTCTTTCCGAATTG-1,paratumour
TAGTGAGAAGTGGTTG-1,paratumour
TAGTGCCCTCCAGAGT-1,tumour
TAGTGGAACTCATACA-1,paratumour
TAGTGTCAGAAACGGC-1,paratumour
TAGTTAAGATAGGATA-1,paratumour
TAGTTTATTCTTGCTT-1,tumour
TATAAATCCACAAGCT-1,paratumour
TATAAGTGAGGATAGC-1,paratumour
TATACACAGACGCCTT-1,fibrotic
TATACACGCAAAGTAT-1,tumour
TATACCGAGTGCCACA-1,tumour
TATACGCGTCATCACT-1,tumour
TATACTCATGCGGCAA-1,paratumour
TATAGATGGTCGCAGT-1,tumour2
TATAGCGCACGTTATC-1,paratumour
TATATAGGGCTTTACG-1,fibrotic
TATATATCGAGAAATG-1,necrotic
TATATCCCTGGGAGGA-1,tumour2
TATATTCGCGTCGATA-1,tumour
TATCACAGCACGGGCA-1,paratumour
TATCACCATGTAAAGT-1,paratumour
TATCACCCAACCGACC-1,tumour
TATCACTTCGAGTAAC-1,tumour
TATCAGTGGCGTAGTC-1,paratumour
TATCCAATTGGTTATC-1,tumour
TATCCATATCATGCGA-1,fibrotic
TATCCATCTCGGTTAG-1,fibrotic
TATCCTGCATGGGAAT-1,necrotic
TATCGATCTATGCATA-1,paratumour
TATCGATGATTAAACG-1,tumour
TATCTACAGAGGTAAT-1,tumour
TATCTACCACAGCGGG-1,tumour
TATCTAGCCTAAAGGA-1,paratumour
TATCTGAGCCGATATT-1,paratumour
TATCTTGCAATACAAC-1,fibrotic
TATGAAGACAGGTGCG-1,paratumour
TATGATAAATCTAACG-1,paratumour
TATGATCCGGCACGCC-1,tumour
TATGATTCTGCTTGGT-1,fibrotic
TATGCTCCCTACTTAC-1,tumour
TATGGAGTTTCTCGTT-1,tumour
TATGGATGTGCTACGC-1,tumour
TATGGCCCGGCCTCGC-1,tumour
TATGGGACCGAGCAGG-1,tumour
TATGGGTACGTATCGT-1,tumour
TATGGTCTGAGTAACA-1,tumour
TATGGTTAGTGGGAGA-1,tumour2
TATGTAGAAACCCGGC-1,paratumour
TATGTCAAGACCGACT-1,tumour
TATGTCTCATTGTGCC-1,tumour
TATTAACACCAAAGCA-1,paratumour
TATTAACCTGACCGCG-1,tumour
TATTACCATCCTGCTT-1,paratumour
TATTATGTTTGCCTGC-1,necrotic
TATTCAATTCTAATCC-1,tumour
TATTCCACTCAGCTCG-1,fibrotic
TATTCCGAGCTGTTAT-1,tumour
TATTCCGGCAGTCCTA-1,tumour
TATTCCTCCGCCCACT-1,tumour
TATTCGTGCCAGAATA-1,tumour
TATTGACATTTCTGCC-1,tumour2
TATTTAGTCTAGATCG-1,fibrotic
TATTTATACCGAGTAG-1,paratumour
TATTTGATTTGCACAG-1,paratumour
TATTTGTTACCCTTTA-1,tumour
TCAAACAACCGCGTCG-1,tumour
TCAAACTTAGATTGTT-1,tumour
TCAAAGAGCTATCTGT-1,paratumour
TCAAATTTGAGACTCA-1,paratumour
TCAACAAAGATAATTC-1,necrotic
TCAACACATTGGGTAA-1,tumour
TCAACATCGACCGAGA-1,paratumour
TCAACCATGTTCGGGC-1,tumour
TCAACGAGGAGACAAA-1,tumour
TCAACGCAGGAAATAA-1,tumour
TCAACTAACGTATAAC-1,paratumour
TCAAGAAATACTAGCT-1,tumour2
TCAAGGTTACTACACC-1,paratumour
TCAATACGCCGTCATG-1,tumour
TCACAGATCCTCAAAC-1,paratumour
TCACAGCAAACTCGAA-1,tumour
TCACAGGAGAATAAGA-1,paratumour
TCACAGGTTATTGGGC-1,tumour
TCACATCTTATCTGAT-1,paratumour
TCACCCTCTTAAGATT-1,tumour
TCACCGCTCGGCACTC-1,paratumour
TCACGATGTCCGTGGA-1,necrotic
TCACGCATTGTAGATC-1,tumour
TCACGGTCATCGCACA-1,fibrotic
TCACGTGCCCGATTCA-1,fibrotic
TCACTACGACCAATGC-1,fibrotic
TCACTATCGTGCAATC-1,paratumour
TCACTCAGCGCATTAG-1,paratumour
TCACTCGTGCAACGGC-1,fibrotic
TCAGAACCTCCACAGG-1,tumour
TCAGACGCTATAGAAG-1,fibrotic
TCAGCAAATGCATCTC-1,tumour
TCAGCAGTAGGCCCTG-1,tumour
TCAGCTTGAGCTTTCG-1,paratumour
TCAGGGCGCAAACTCG-1,paratumour
TCAGGGTGCACGAAAC-1,paratumour
TCAGGGTGTAACGTAA-1,tumour
TCAGGTTCTTTGAGAA-1,tumour
TCAGTACTGACCCGCG-1,paratumour
TCAGTGTATACGTCAT-1,fibrotic
TCAGTTACGGAATGAT-1,paratumour
TCATACTTACAGATCC-1,paratumour
TCATATGAGCTTTGTT-1,tumour
TCATCACTCGAGCTCG-1,tumour
TCATCCCAGAGGGTGG-1,paratumour
TCATCGATGGTCCCAA-1,necrotic
TCATGCAGGTTCTCAT-1,paratumour
TCATTTAAGTCTCCGA-1,tumour2
TCCACAATGGTTTACG-1,tumour
TCCACTTTATCTAGGT-1,tumour
TCCAGAGCACCGGTTC-1,tumour
TCCAGATGTACGCCAA-1,tumour
TCCAGCGCTATAAGCG-1,paratumour
TCCAGGCGAGTACGGT-1,tumour
TCCAGGGTATATACGA-1,tumour
TCCATCAATACTAATC-1,paratumour
TCCATTAGTTGGATAG-1,paratumour
TCCATTGTGACCTCGT-1,paratumour
TCCCAAACAGACAACG-1,tumour
TCCCAAAGACGAAGGA-1,tumour
TCCCAAAGCCCTAAAT-1,necrotic
TCCCACGGAGGGAGCT-1,paratumour
TCCCACTCTCTTCCGG-1,tumour
TCCCAGCTTTAGTCTG-1,tumour
TCCCAGGCTTAGCTAA-1,tumour
TCCCGCCTATGTGCGT-1,paratumour
TCCCGCGTACTCCTGG-1,tumour
TCCCGGGTGTGCTGCT-1,tumour
TCCCGGTCAGGAATTT-1,fibrotic
TCCCGTCAGTCCCGCA-1,tumour
TCCCGTCGCGTCATAG-1,tumour
TCCCGTGTGCAATTTG-1,fibrotic
TCCCTAGATCAATAGG-1,tumour
TCCCTGGCGTATTAAC-1,necrotic
TCCCTGGCTCGCTGGA-1,tumour
TCCCTTAGATTACTCG-1,paratumour
TCCGAACGTTGCCGCT-1,tumour
TCCGAACTTGGCTTAC-1,paratumour
TCCGAATGGTCCTGAG-1,paratumour
TCCGAGAAGGCTAAGC-1,fibrotic
TCCGATAATTGCCATA-1,tumour
TCCGATGACTGAGCTC-1,tumour
TCCGATGGTGCGACAT-1,tumour
TCCGATTACATTGCCG-1,tumour
TCCGCCTGTCTACAAG-1,tumour
TCCGCGGCAGCATCTG-1,tumour
TCCGCGGCCCAATGAA-1,fibrotic
TCCGCTTATCCCATTA-1,fibrotic
TCCGGCCTAGCGTACA-1,tumour
TCCGGCCTGCATCGAT-1,paratumour
TCCGGTTCGTCCGGTC-1,tumour
TCCGTAACCACAATCC-1,paratumour
TCCGTTAAGCTAATAT-1,fibrotic
TCCGTTTAGCCTTGAA-1,paratumour
TCCTACATCCACGGCC-1,paratumour
TCCTATCATAGGTAAC-1,paratumour
TCCTCCTAAGACATTC-1,paratumour
TCCTCGGGCTGGGCTT-1,tumour
TCCTCTACGAGATGGC-1,paratumour
TCCTCTCCAGTTGTCC-1,paratumour
TCCTCTGGCCCATTAG-1,paratumour
TCCTGCCAACTGGAGA-1,paratumour
TCCTTCAGTGGTCGAA-1,paratumour
TCGAAATTTAGGACCA-1,tumour
TCGAAGAACCGAGCAC-1,paratumour
TCGAATATCCCGCAGG-1,necrotic
TCGACAACTGAACCCG-1,fibrotic
TCGAGACCAACACCGT-1,tumour
TCGAGCCAGGCAGGCC-1,fibrotic
TCGAGTCTACGATTCG-1,paratumour
TCGATAGGCTAGTCGC-1,necrotic
TCGCAAAGATGCATTT-1,fibrotic
TCGCACCAGGAGGCAG-1,tumour
TCGCATCCCTAAGTGT-1,tumour
TCGCATTCAATGACTT-1,fibrotic
TCGCCGGTCGATCCGT-1,fibrotic
TCGCGTCCAGAAGGTC-1,tumour
TCGCTAAACCGCTATC-1,tumour
TCGCTACTGGCTTTGA-1,tumour
TCGCTCGATATATTCC-1,tumour
TCGCTCGGCACCAGCG-1,tumour
TCGCTGGGCGGATTGT-1,tumour
TCGCTGTGCGTAAATC-1,tumour
TCGCTTTAAACGTTTG-1,paratumour
TCGGAATGACCATCAA-1,paratumour
TCGGAATGCGCTCTGA-1,tumour
TCGGACGCCCAGCCCA-1,tumour
TCGGAGAGTATCGGGA-1,paratumour
TCGGAGTACATGAGTA-1,tumour
TCGGCGTACTGCACAA-1,paratumour
TCGGCTAACTTCCCTT-1,paratumour
TCGGGAACGTGCCTAG-1,tumour
TCGGGAGACAGCGTAC-1,paratumour
TCGGGCACTTCTGGAT-1,paratumour
TCGGGCCGTCGTGGTA-1,paratumour
TCGGGTGAAACTGCTA-1,tumour
TCGGTCCCTGACTCCA-1,paratumour
TCGTAAGACGACATTG-1,tumour
TCGTATAGTGCAATTA-1,tumour
TCGTATTTCGTCCGGA-1,paratumour
TCGTCAAGTACGCGCA-1,fibrotic
TCGTCACACTGTTAGC-1,paratumour
TCGTCCGCTGGCGTCT-1,paratumour
TCGTCTTAGGCGTTAA-1,tumour
TCGTGTATTGGTCACG-1,paratumour
TCGTGTCACGCTGACA-1,paratumour
TCGTTAGGAGTCCCTA-1,fibrotic
TCGTTCGTTATTATGT-1,paratumour
TCGTTGCTATCCGGTC-1,paratumour
TCGTTGGCTCGTCAAT-1,tumour
TCTAAAGAACAGTCTC-1,paratumour
TCTACACGTTCATGCA-1,paratumour
TCTACCGTCCACAAGC-1,tumour
TCTAGCAATCTCCGCC-1,tumour
TCTAGCATCTTCGATG-1,fibrotic
TCTAGCATGCCCAGAA-1,fibrotic
TCTAGGTGGCGACGCT-1,tumour
TCTAGTTATCAGAAGA-1,tumour
TCTATCATGCAGTTAC-1,tumour
TCTATCGGTCGCAACA-1,tumour
TCTATTACGCTGGCGA-1,tumour
TCTCATGAGATAGGGT-1,paratumour
TCTCCAACGTAGGTTA-1,tumour
TCTCCCTGGGCAGCGT-1,tumour
TCTCGAACGAGGTCAC-1,fibrotic
TCTCGACGTATCGCCG-1,tumour2
TCTCGGCTCCAGGACT-1,tumour
TCTCTAATAGCTGGTA-1,fibrotic
TCTCTTACCGCGAACC-1,paratumour
TCTGAACCGGTCGGCT-1,paratumour
TCTGAAGCACGTGGTC-1,tumour
TCTGAATTCCGTACAA-1,paratumour
TCTGACGGGCTAACCC-1,tumour
TCTGATCGGGTGCTAG-1,paratumour
TCTGATGTATTCTGTC-1,tumour
TCTGATTGGAAATGGA-1,paratumour
TCTGCAGATTCGAGTC-1,paratumour
TCTGCCAGAAACTGCA-1,tumour
TCTGCGTCCGGTTTCT-1,paratumour
TCTGCTTAGAACAAGC-1,paratumour
TCTGGAGCGTAAGAGT-1,paratumour
TCTGGCCGTTCAAGTT-1,paratumour
TCTGGGAACCTTTGAA-1,tumour2
TCTGTCATACAAGAGC-1,necrotic
TCTGTGCCATCATAGT-1,tumour
TCTGTGGCTACATTTC-1,paratumour
TCTGTTACCCAGCATA-1,tumour
TCTTACAGAGGTACCG-1,necrotic
TCTTACCGGAACTCGT-1,tumour
TCTTACGGCATCCGAC-1,paratumour
TCTTACTTATGCCTCT-1,paratumour
TCTTAGAGCTCCAATT-1,necrotic
TCTTATGGGTAGTACC-1,paratumour
TCTTCCCATGGGCACA-1,tumour2
TCTTCGATACCAATAA-1,tumour
TCTTCTATAACCCGCC-1,tumour2
TCTTGATGCGTAGCGA-1,tumour
TCTTGCTCCCGATACT-1,tumour
TCTTGGTAACACCAAA-1,tumour
TCTTTAAGACTATGAA-1,tumour2
TCTTTAGAGTCTAACA-1,paratumour
TCTTTAGCAGGCGAAC-1,tumour2
TCTTTCTCTTAAGGAG-1,paratumour
TGAAACTTATGCAAGC-1,paratumour
TGAAAGGACCTGACTC-1,tumour
TGAACAAGCAGGGACT-1,paratumour
TGAAGAGCGGTCCTAG-1,paratumour
TGAATATGCTATAAAC-1,tumour
TGAATGTCAGCCGGCC-1,tumour2
TGAATTTCACTTGCCT-1,paratumour
TGACAACGCATGTCGC-1,paratumour
TGACACTTCTCTTTGC-1,tumour
TGACATCGAGCGGACC-1,tumour2
TGACCAAATCTTAAAC-1,tumour
TGACCCACGTTAGACA-1,tumour
TGACGAATATTTCCCT-1,paratumour
TGACGATGCACTAGAA-1,paratumour
TGACTATAATCCTTTC-1,fibrotic
TGACTCCGAATCATAC-1,paratumour
TGAGAATGCTTTACCG-1,fibrotic
TGAGACGTACCTCTCA-1,paratumour
TGAGAGATTTACCACG-1,paratumour
TGAGATCAAATACTCA-1,tumour
TGAGATTAGGCCCTAA-1,tumour
TGAGCAGTCGTGAAGT-1,fibrotic
TGAGCGGAAAGTGTTC-1,fibrotic
TGAGCTTTAATGACGC-1,paratumour
TGAGGAGTGCCAGCTT-1,tumour
TGAGGTTGATCCCAAG-1,paratumour
TGAGTAAATTAGCGTA-1,tumour
TGAGTGGTCCGTGACG-1,tumour
TGAGTTAAAGACATTC-1,paratumour
TGATACATTTAGCCGT-1,fibrotic
TGATCAGGGAACTGCT-1,paratumour
TGATCCCAGCATTAGT-1,tumour
TGATCGGTTTGACCCT-1,tumour
TGATCTACGCTGATCT-1,tumour
TGATCTCCGGCGCCAG-1,tumour
TGATGGCTGTTTCTGA-1,tumour
TGATTCAGGTCCCGCG-1,paratumour
TGATTCGTCTATCACT-1,tumour
TGATTTATTAGCTGTG-1,tumour
TGATTTCCTCCTGACG-1,tumour
TGCAAGAATGACGTAA-1,tumour
TGCACAGTGAAGTTAT-1,tumour
TGCACGAGTCGGCAGC-1,paratumour
TGCACTATGTGAGTGC-1,paratumour
TGCAGAGTACCGAGCA-1,tumour
TGCAGGATCGGCAAAG-1,tumour
TGCAGTTTCCTCCCAT-1,paratumour
TGCATATGTCTGTCAC-1,tumour
TGCATGGATCGGATCT-1,tumour
TGCATGTGGTAATCTA-1,tumour
TGCCAAAGTCAGACTT-1,paratumour
TGCCAATGGGTACTCT-1,paratumour
TGCCACACTAGAGGAA-1,paratumour
TGCCACCTGGCGAAAC-1,tumour
TGCCAGTACGTGGAGA-1,fibrotic
TGCCATTACTAAAGAA-1,paratumour
TGCCCGTACCGTTAAA-1,tumour
TGCCGAAAGCGTATTC-1,paratumour
TGCCGGATGTACGAGC-1,fibrotic
TGCCTGACATCGGTCA-1,paratumour
TGCCTGATCAAACGAT-1,tumour
TGCCTTGGCCAGGCAA-1,tumour
TGCGACGGCCGAACGT-1,fibrotic
TGCGAGAATATTACCC-1,tumour
TGCGAGCCCTTCCGCG-1,tumour
TGCGATGCTAATGGCT-1,paratumour
TGCGCAAAGCATTTGG-1,tumour
TGCGCCGTTAATAACG-1,paratumour
TGCGCGATTAACGGAG-1,tumour
TGCGGAGTAAAGGTGC-1,tumour
TGCGGCATAGTTCAAC-1,necrotic
TGCGGGTATTGGGATC-1,paratumour
TGCGGTGAAATTTCAT-1,paratumour
TGCGTCATGACTGAGC-1,necrotic
TGCGTGATTGGGTGTC-1,paratumour
TGCGTTTGTTGACACT-1,tumour
TGCTATACAAACGGAC-1,tumour
TGCTCCACAGTTCTTA-1,paratumour
TGCTCGGTGGGTCACC-1,tumour
TGCTCTTGAGAGTTTG-1,tumour
TGCTGGTTGGACAATT-1,paratumour
TGCTGTTGAAGAACTC-1,fibrotic
TGCTTAGAGAGAATGC-1,fibrotic
TGCTTCCCAAGCAGTA-1,tumour
TGCTTGAAACCATGCA-1,paratumour
TGGAACCACTGACACA-1,tumour
TGGAAGAAGGGAACGT-1,tumour
TGGAAGACGAACACCA-1,necrotic
TGGAAGGATAAAGATG-1,tumour
TGGAATATCCTTGACC-1,tumour
TGGAATTAGACGCTTT-1,paratumour
TGGACCACGGCGTTGA-1,paratumour
TGGACGCAATCCAGCC-1,necrotic
TGGACTGTTCGCTCAA-1,tumour
TGGAGCTAAAGTTCCC-1,paratumour
TGGAGTGATGCGATGA-1,tumour
TGGATAGAGTAACAGA-1,paratumour
TGGCAACTCGCGCGCC-1,paratumour
TGGCAGATTACGATCA-1,tumour
TGGCAGCAGTAATAGT-1,fibrotic
TGGCATGAAGTTTGGG-1,fibrotic
TGGCCAAACTGAAGTA-1,tumour
TGGCCAATTTGGTACT-1,paratumour
TGGCCGTATATTGACC-1,fibrotic
TGGCGACTGCTCCAAA-1,tumour
TGGCGATCAAGTTATG-1,fibrotic
TGGCGGTGTGCGATTG-1,fibrotic
TGGCTTTGGGTAGACA-1,fibrotic
TGGGAAATGCCTTTCC-1,paratumour
TGGGATGCACTCATTC-1,tumour
TGGGCAATAGTTGGGT-1,tumour2
TGGGCACAAACAGAAC-1,necrotic
TGGGCACGTTCTATGG-1,paratumour
TGGGCCACAAGAGCGC-1,tumour
TGGGCCCATACTAATT-1,paratumour
TGGGTAAGGTTCCCGC-1,paratumour
TGGTATCGCATCCCAA-1,paratumour
TGGTATCGGTCTGTAT-1,tumour
TGGTCCCACGCTACGG-1,fibrotic
TGGTGATCGTATTTGT-1,paratumour
TGGTTAACTTACATTT-1,paratumour
TGGTTAAGGGCGCTGG-1,tumour
TGGTTCAACGGGTAAT-1,fibrotic
TGGTTCGTAGCAAAGG-1,tumour
TGGTTGGAGGATCCTG-1,paratumour
TGGTTTAAACGTGGGT-1,tumour
TGTAACTTGTCAACCT-1,paratumour
TGTAATGACCACAATA-1,paratumour
TGTACGAACAAATCCG-1,tumour
TGTACGCTATCAGCTT-1,paratumour
TGTACTGTGCCAAAGT-1,fibrotic
TGTAGGAGAAATTTCC-1,tumour
TGTATAACAGATCCTG-1,tumour
TGTATCCTTATTCCAT-1,necrotic
TGTATGGCGCAGACAG-1,paratumour
TGTCATTTGTTGGGAA-1,tumour
TGTCCCGACATAGCAC-1,tumour
TGTCCGTGGCGCCTTT-1,paratumour
TGTCCTAAGTCACCGC-1,tumour
TGTCGGCATGGTGGAA-1,paratumour
TGTCGTTATCACATAT-1,fibrotic
TGTCTACAGTTTCTGT-1,necrotic
TGTGACTACGCCAGTC-1,tumour
TGTGAGACTAGCCCAA-1,tumour
TGTGATTCCAGCGCTT-1,paratumour
TGTGCCGGTGCCGGAA-1,paratumour
TGTGGAGGAAGCTTAA-1,paratumour
TGTGGCAAAGCGTATG-1,tumour
TGTGGCTCCCACCAAC-1,tumour2
TGTGTGACCATGAATC-1,paratumour
TGTGTTCGTATCCAAG-1,paratumour
TGTTATTGTATGTGGC-1,paratumour
TGTTCATAAATGTGCT-1,paratumour
TGTTCCGCTTCCATGA-1,tumour
TGTTCGTATTGCGGTG-1,tumour
TGTTCTTCCATTGACT-1,tumour
TGTTGCCGTCGTCCCA-1,paratumour
TGTTGTCAAGAAGTCT-1,tumour
TGTTTAATACTTCATC-1,paratumour
TGTTTCGGTACTTCTC-1,fibrotic
TGTTTCTGAAGCGTGC-1,paratumour
TTAAACAGAGTCCCGC-1,tumour
TTAAACCGGTAGCGAC-1,tumour
TTAAACCTGGTTCCTT-1,paratumour
TTAAACTCGAATTCAT-1,paratumour
TTAACACCTCGAACAT-1,paratumour
TTAACCAACCCTCCCT-1,fibrotic
TTAACGAACAAGCAGT-1,tumour
TTAACGTCGCAAGACC-1,tumour
TTAACTCACGCGTGGA-1,paratumour
TTAACTTCAGGTAGGA-1,fibrotic
TTAAGCCGACAACTTC-1,paratumour
TTAAGCGCCTGACCCA-1,tumour
TTAAGGATACGGAGGT-1,fibrotic
TTAAGGCCCGTACTTT-1,necrotic
TTAATCAGTACGTCAG-1,paratumour
TTAATGCGAGGTAACT-1,paratumour
TTAATGTAGACCAGGT-1,tumour
TTAATTTCAGACGCGG-1,tumour
TTACAACTACGCATCC-1,tumour
TTACAGACCTAAATGA-1,tumour
TTACATCGTGGCCTGG-1,paratumour
TTACATGCCACAACTA-1,tumour2
TTACCATTGATTACCC-1,tumour
TTACCCATTGCCGGGT-1,paratumour
TTACCCTAACAGTCCT-1,paratumour
TTACCCTAGGGATTGG-1,tumour
TTACCGCCTTAGGGAA-1,paratumour
TTACGGATGGTTCGAG-1,paratumour
TTACGGTGTCACCGAG-1,fibrotic
TTACTATCGGCTTCTC-1,paratumour
TTACTCCGGCCGGGAA-1,tumour
TTACTCTGGTACGTAC-1,tumour
TTACTGGGATATTTCA-1,tumour
TTACTGTCTAGAGCTC-1,tumour
TTACTGTTTCTCTACG-1,paratumour
TTAGAAGAACATGACT-1,fibrotic
TTAGACACGATCGTTG-1,paratumour
TTAGAGGGATATACAG-1,paratumour
TTAGAGTTTAGAAGGA-1,paratumour
TTAGATAGGTCGATAC-1,paratumour
TTAGCAACATGGATGT-1,paratumour
TTAGCTAATACGATCT-1,tumour
TTAGCTCTGTAATCCG-1,paratumour
TTAGCTGATTTGCCGT-1,paratumour
TTAGGATGGGAGGGTA-1,paratumour
TTAGGTCATAACCGAC-1,fibrotic
TTAGTAGGGCGGCGGG-1,tumour
TTAGTTATTCGTGGCA-1,paratumour
TTAGTTCAAGTGTTCG-1,tumour
TTATAGATGCACATTA-1,tumour
TTATAGGTAATTGTCT-1,tumour
TTATATACGCTGTCAC-1,tumour
TTATATTTGGCAATCC-1,tumour
TTATCCAATCGAACTC-1,tumour
TTATCCTCAAGGAATA-1,fibrotic
TTATCGCCTGCGAAGC-1,paratumour
TTATCTGTATCATAAC-1,tumour
TTATGAATGAAAGGGA-1,fibrotic
TTATGACAAACTGGAT-1,fibrotic
TTATGATCTTAACGAA-1,tumour
TTATGCGTCCCGGTCC-1,necrotic
TTATGTTTGCGATAGA-1,paratumour
TTATTAGAGCGTGTTC-1,fibrotic
TTATTAGGGAAGCATC-1,paratumour
TTATTATCTGGAAGGC-1,tumour
TTCAAAGTCTCTAGCC-1,tumour
TTCAACGACCCGACCG-1,paratumour
TTCAAGCCGAGCTGAG-1,paratumour
TTCAATACTCTGAATC-1,tumour
TTCAATTAGCCATAAT-1,paratumour
TTCACGAAAGGATCAC-1,tumour
TTCAGAGTAACCTGAC-1,paratumour
TTCAGCCCTGGTCCAC-1,paratumour
TTCATAGCCTTGTAAC-1,paratumour
TTCATGGCGCAACAGG-1,tumour
TTCCAATCAGAGCTAG-1,tumour
TTCCAATCTGGCTATC-1,tumour
TTCCACACAGATTTGA-1,tumour
TTCCACATTTCTCGTC-1,paratumour
TTCCAGACGAGATTTA-1,necrotic
TTCCATCATGCGGTGA-1,fibrotic
TTCCCGACGCTTCACT-1,paratumour
TTCCGCAGAGAAATAT-1,tumour
TTCCGCGTGAGGCGAT-1,fibrotic
TTCCGGCCTTGAGGCT-1,fibrotic
TTCCGGTATCTGTGTC-1,necrotic
TTCCGGTTACCCACTT-1,paratumour
TTCCTCGAGGGTGTCT-1,fibrotic
TTCCTCTGCCCGAATA-1,paratumour
TTCCTTTCTGTGTTGC-1,tumour
TTCGACAGAGCCCGTG-1,fibrotic
TTCGACGGGAAGGGCG-1,fibrotic
TTCGCACTCGCGTGCT-1,tumour
TTCGCACTGTACGACA-1,tumour
TTCGCATCCGGAAGCA-1,paratumour
TTCGCCGCTCGCGCTA-1,paratumour
TTCGCTAGGAAGTTGT-1,necrotic
TTCGCTATCTGACGTG-1,tumour
TTCGGCAACCCGCTGA-1,paratumour
TTCGGCTAGAGATGGT-1,paratumour
TTCGGGACTAATCGCG-1,tumour
TTCGGGCGCTAGTCTT-1,fibrotic
TTCGGTACTGTAGAGG-1,tumour
TTCGGTGGAGACGCCC-1,paratumour
TTCGTAATCCCAGCGG-1,paratumour
TTCGTACTCCAGAACG-1,fibrotic
TTCGTTCAACGAAGTT-1,tumour
TTCTAACCGAAGCTTA-1,paratumour
TTCTACCTTTATGTTG-1,paratumour
TTCTACTTGCGAGGGC-1,paratumour
TTCTAGGCCAATTGTG-1,paratumour
TTCTATGCCTTTCGCA-1,paratumour
TTCTCTTACAGGTGAT-1,paratumour
TTCTGACCGGGCTCAA-1,tumour
TTCTGCCGCGCCTAGA-1,fibrotic
TTCTGCGAGCGCCCTT-1,paratumour
TTCTGCGGGTTAGCGG-1,tumour
TTCTGCTAGACTCCAA-1,tumour
TTCTGTTTCCTGTCGC-1,paratumour
TTCTTAGTGAACGGTG-1,tumour
TTCTTAGTGGCTCAGA-1,paratumour
TTCTTATCCGCTGGGT-1,paratumour
TTCTTCCCTTTGATAT-1,paratumour
TTCTTCGCAATAGAGC-1,paratumour
TTCTTGCTAGCATCTC-1,necrotic
TTCTTGGACGATCTGC-1,fibrotic
TTCTTGGAGTAATGAG-1,paratumour
TTCTTGTAACCTAATG-1,paratumour
TTCTTTGGTCGCGACG-1,tumour
TTGAAAGGTGTAAAGG-1,tumour
TTGAACGAATCCTTTG-1,paratumour
TTGAAGAATTCCCAGG-1,tumour
TTGAAGGATGGGCGCC-1,paratumour
TTGAATATGGACTTTC-1,tumour
TTGAATCGTTGTATAA-1,paratumour
TTGAATTCACGTGAGG-1,tumour2
TTGACATGAACGTGGA-1,tumour
TTGACCATGTTCTCCG-1,tumour
TTGACCGTGTTAATGA-1,tumour
TTGACGATTCAGCACG-1,necrotic
TTGACGCTCCATGAGC-1,tumour2
TTGACTATTGTCCGGC-1,paratumour
TTGAGAAGTTTAGCAT-1,tumour
TTGAGAGTACTGCTAA-1,tumour
TTGAGCAGCCCACGGT-1,necrotic
TTGAGCGCCACGTGAT-1,tumour2
TTGAGGCATTTAACTC-1,paratumour
TTGAGTCCCGCTGCTG-1,tumour2
TTGATAGTCAATACAT-1,tumour
TTGATCTAACTTTGTC-1,tumour
TTGATTAGCTGTTTCT-1,tumour
TTGATTATGCAGATGA-1,fibrotic
TTGCACAATTCAGAAA-1,tumour
TTGCACGGAGCAGCAC-1,tumour
TTGCCAAGCAGAACCC-1,necrotic
TTGCCATAGCCCGCTC-1,necrotic
TTGCCGCAGACCTACA-1,fibrotic
TTGCCGGTGATCCCTC-1,fibrotic
TTGCGGCATCAGAAAG-1,fibrotic
TTGCGGCGACTCATGC-1,paratumour
TTGCGTAGTTTGAGGA-1,paratumour
TTGCGTCGGCCAACCG-1,tumour
TTGCGTGAACGCTTAG-1,tumour
TTGCTAGCTACCAATC-1,paratumour
TTGCTCCCATACCGGA-1,tumour
TTGCTGAAGGAACCAC-1,fibrotic
TTGCTGATCATGTTCG-1,tumour
TTGCTGCACCTATCCA-1,paratumour
TTGCTGGCCGGGCTTC-1,paratumour
TTGGAAGAATACAGTC-1,fibrotic
TTGGACATGTGGCTTA-1,tumour
TTGGACCATCTGGCAA-1,fibrotic
TTGGACCTATAACAGT-1,tumour
TTGGAGTCTCCCTTCT-1,necrotic
TTGGATATCGTCTACG-1,tumour
TTGGATCGACTTCTGG-1,tumour
TTGGATTGGGTACCAC-1,paratumour
TTGGCCATCTTGCGCT-1,paratumour
TTGGCCTAGAATTTCG-1,paratumour
TTGGCGATCCGAATAT-1,paratumour
TTGGCTCGCATGAGAC-1,paratumour
TTGGGACACTGCCCGC-1,tumour
TTGGGCGGCGGTTGCC-1,tumour
TTGGTATGGCTTGTGT-1,tumour2
TTGGTCACACTCGTAA-1,tumour
TTGGTTCGCTCAAAGG-1,paratumour
TTGGTTGCGGTGCGCG-1,necrotic
TTGTAAGGACCTAAGT-1,tumour
TTGTAAGGCCAGTTGG-1,tumour
TTGTAATCCGTACTCG-1,tumour
TTGTATCACACAGAAT-1,paratumour
TTGTCACCGCGGTATC-1,paratumour
TTGTCGTTCAGTTACC-1,tumour
TTGTGCAGCCACGTCA-1,paratumour
TTGTGGCCCTGACAGT-1,fibrotic
TTGTGGTAGGAGGGAT-1,fibrotic
TTGTGTTTCCCGAAAG-1,fibrotic
TTGTTAGCAAATTCGA-1,paratumour
TTGTTCAGTGTGCTAC-1,tumour
TTGTTGTGTGTCAAGA-1,tumour
TTGTTTCACATCCAGG-1,tumour
TTGTTTCATTAGTCTA-1,necrotic
TTGTTTCCATACAACT-1,fibrotic
TTGTTTGTGTAAATTC-1,tumour
